1,疫情,1229
2,企业,913
3,组织,819
4,社会,706
5,防控,654
6,工作,539
7,服务,517
8,协会,481
9,中国,396
10,复工,362
11,慈善,314
12,抗疫,297
13,捐赠,283
14,提供,281
15,肺炎,278
16,复产,262
17,开展,251
18,会员,251
19,积极,250
20,新冠,248
21,物资,244
22,社区,232
23,心理,216
24,防疫,214
25,公益,213
26,通过,213
27,行业,201
28,基金会,200
29,专业,194
30,发展,191
31,行业协会,188
32,问题,176
33,进行,172
34,项目,164
35,保障,158
36,活动,158
37,做好,154
38,期间,149
39,及时,149
40,合作,146
41,支持,145
42,联合,144
43,湖北,143
44,相关,142
45,行动,140
46,帮助,140
47,北京,136
48,商会,134
49,发挥,131
50,武汉,130
51,参与,130
52,平台,128
53,要求,128
54,作为,126
55,情况,126
56,力量,124
57,助力,122
58,同时,120
59,国家,120
60,一线,119
61,工作者,119
62,抗击,118
63,志愿者,116
64,线上,116
65,信息,116
66,机构,115
67,宣传,115
68,指导,113
69,共同,112
70,国际,112
71,管理,108
72,政策,107
73,中小,107
74,作用,106
75,引导,106
76,发布,105
77,全国,104
78,推动,100
79,单位,100
80,培训,98
81,需求,96
82,落实,95
83,他们,94
84,生产,94
85,优势,93
86,健康,92
87,万元,92
88,影响,92
89,方式,91
90,对接,91
91,我们,90
92,表示,90
93,政府,89
94,联合会,87
95,人员,87
96,全球,87
97,安全,87
98,重要,86
99,医院,86
100,公开,86
101,经济,86
102,中心,85
103,加强,85
104,时间,84
105,有序,84
106,募捐,83
107,援助,81
108,目前,81
109,会员单位,80
110,可以,79
111,举办,78
112,重点,78
113,广州市,78
114,主动,77
115,措施,76
116,专家,75
117,网络,75
118,记者,75
119,爱心,75
120,北京市,74
121,志愿,73
122,口罩,73
123,动员,73
124,针对,71
125,全面,71
126,资金,70
127,关于,70
128,部门,69
129,全市,69
130,解决,69
131,秘鲁,69
132,2020,68
133,感染,68
134,市场,68
135,免费,67
136,资源,67
137,集团,67
138,分享,66
139,直播,66
140,责任,66
141,部署,66
142,经验,65
143,关爱,65
144,有关,65
145,消杀,65
146,会议,65
147,自身,65
148,论坛,64
149,武汉市,64
150,当地,64
151,法律,64
152,第一,63
153,民间,63
154,防护,63
155,湖北省,62
156,价值,61
157,恢复,61
158,按照,61
159,发起,60
160,亿元,60
161,推进,60
162,技术,60
163,需要,59
164,坚持,59
165,困难,59
166,了解,59
167,贡献,59
168,倡议,59
169,中小企业,59
170,确保,58
171,农产品,58
172,社会工作,57
173,生活,57
174,一个,57
175,销售,57
176,使用,57
177,赛事,57
178,科学,56
179,救援队,56
180,10,56
181,累计,56
182,方面,56
183,款物,56
184,精神,55
185,以及,55
186,决策,55
187,充分发挥,55
188,根据,55
189,规定,55
190,经营,54
191,有限公司,54
192,在线,53
193,人民,53
194,领域,53
195,协助,53
196,基层,52
197,部分,52
198,经济社会,52
199,采购,52
200,交流,51
201,规范,51
202,委员会,51
203,社工,51
204,民政部,51
205,启动,51
206,微信,51
207,发生,51
208,地区,50
209,建立,50
210,截至,50
211,登记,50
212,产品,49
213,消毒,49
214,必须,49
215,咨询,49
216,进一步,49
217,有效,48
218,关注,48
219,民间组织,48
220,代表,47
221,民政局,47
222,介绍,47
223,能力,47
224,民众,47
225,队员,47
226,多个,46
227,知识,46
228,20,46
229,负责人,46
230,视频,46
231,模式,46
232,用于,46
233,广大,46
234,捐赠人,46
235,邀请,45
236,医疗,45
237,腾讯,45
238,工作人员,45
239,餐饮,45
240,各类,45
241,新型,45
242,一是,45
243,二是,45
244,三是,45
245,医护人员,44
246,实现,44
247,提出,44
248,阻击战,44
249,应当,44
250,以来,43
251,研究,43
252,建设,43
253,方案,43
254,通知,43
255,协调,43
256,全力,43
257,就业,43
258,帮扶,43
259,物业,43
260,疏导,42
261,其中,42
262,习近平,42
263,担当,42
264,检测,42
265,各项,42
266,比赛,42
267,如何,41
268,学习,41
269,包括,41
270,发出,41
271,广州,41
272,银行,41
273,小时,40
274,此次,40
275,创新,40
276,养老,40
277,参加,40
278,没有,40
279,计划,40
280,多家,40
281,建议,40
282,冠状病毒,40
283,成立,39
284,持续,39
285,举行,39
286,主要,39
287,打赢,39
288,美国,39
289,排查,39
290,严格,39
291,安排,38
292,坚决,38
293,党中央,38
294,商户,38
295,个人,38
296,深入,38
297,面临,37
298,数据,37
299,党员,37
300,隔离,37
301,促进,37
302,超过,37
303,系统,37
304,员工,37
305,应对,37
306,管理局,37
307,全省,37
308,卫生,36
309,带来,36
310,就是,36
311,群众,36
312,迅速,36
313,蓝天,36
314,成为,36
315,国内,36
316,开通,36
317,振兴,36
318,渠道,36
319,稳定,36
320,专题,36
321,科技,36
322,品牌,36
323,食品,36
324,履行,36
325,缓解,35
326,提升,35
327,旅游,35
328,消费,35
329,精准,35
330,依法,35
331,号召,35
332,景区,35
333,内容,34
334,采取,34
335,共同行动,34
336,基金,34
337,每天,34
338,出现,34
339,投入,34
340,执行,34
341,病毒,34
342,风险,34
343,疫后,34
344,形成,34
345,业务,34
346,全体,34
347,调查,34
348,学会,34
349,扶贫,34
350,心理健康,33
351,不同,33
352,主任,33
353,这些,33
354,一些,33
355,指南,33
356,主席,33
357,形式,33
358,互联网,33
359,救援,33
360,运输,33
361,金融,33
362,对于,33
363,当前,33
364,结合,33
365,医务人员,33
366,饲料,33
367,心理咨询,32
368,14,32
369,大家,32
370,特色,32
371,联动,32
372,人类,32
373,促进会,32
374,青年,32
375,积极参与,32
376,贯彻落实,32
377,不能,32
378,交易,32
379,主题,32
380,指引,32
381,秘书长,31
382,我国,31
383,阶段,31
384,以下,31
385,获得,31
386,公司,31
387,农业,31
388,流通,31
389,商业,31
390,提高,31
391,配合,31
392,年检,31
393,或者,31
394,来自,30
395,具有,30
396,30,30
397,战疫,30
398,特别,30
399,受助,30
400,12,30
401,得到,30
402,各国,30
403,直接,30
404,凝聚,30
405,搭建,30
406,联系,30
407,网上,30
408,质量,30
409,报告,30
410,物业管理,30
411,面对,29
412,分别,29
413,自己,29
414,已经,29
415,发放,29
416,家庭,29
417,有力,29
418,倡议书,29
419,阿里巴巴,29
420,世界,29
421,小微,29
422,办理,29
423,民政厅,29
424,反映,29
425,发动,29
426,厦门市,29
427,人次,29
428,完成,28
429,紧急,28
430,沟通,28
431,各方,28
432,强大,28
433,推出,28
434,联合国,28
435,召开,28
436,接受,28
437,教育,28
438,不得,28
439,这场,27
440,会长,27
441,居民,27
442,街道,27
443,具体,27
444,正在,27
445,材料,27
446,携手,27
447,广泛,27
448,柬埔寨,27
449,维护,27
450,物流,27
451,场所,27
452,红十字会,27
453,总书记,27
454,正常,27
455,公众,27
456,协议,27
457,制定,27
458,当好,27
459,文章,27
460,深圳市,27
461,上线,27
462,供应,27
463,检查,27
464,捐款,27
465,先后,27
466,律师,27
467,一次,26
468,统计,26
469,患者,26
470,儿童,26
471,家属,26
472,设立,26
473,未来,26
474,100,26
475,沿线,26
476,引领,26
477,积极响应,26
478,收集,26
479,党委,26
480,热线,26
481,这个,25
482,这次,25
483,继续,25
484,调研,25
485,如果,25
486,食用菌,25
487,现场,25
488,努力,25
489,副会长,25
490,政治,25
491,机制,25
492,系列,25
493,统筹,25
494,全区,25
495,大会,24
496,25,24
497,连续,24
498,媒体,24
499,很多,24
500,全部,24
501,坚守,24
502,15,24
503,响应,24
504,11,24
505,方法,24
506,公共卫生,24
507,依托,24
508,医用,24
509,加快,24
510,业务主管,24
511,餐饮业,24
512,冠军,24
513,指出,24
514,国际乒联,24
515,河北省,24
516,各级,24
517,应急,24
518,安徽省,24
519,危机,23
520,覆盖,23
521,时期,23
522,特殊,23
523,两个,23
524,守护,23
525,保险,23
526,快速,23
527,环节,23
528,条件,23
529,时代,23
530,最大,23
531,能够,23
532,实施,23
533,今年,23
534,丝绸之路,23
535,成员,23
536,驰援,23
537,组成,23
538,民政部门,23
539,复产中,23
540,融资,23
541,价格,23
542,做出,23
543,认为,23
544,控制,23
545,线下,23
546,保持,23
547,希望,23
548,形势,23
549,本次,23
550,强化,23
551,联防,23
552,行为,23
553,温暖,23
554,23,22
555,团队,22
556,一起,22
557,严重,22
558,16,22
559,队伍,22
560,60,22
561,群体,22
562,40,22
563,300,22
564,阿里,22
565,接收,22
566,美团,22
567,其他,22
568,外卖,22
569,余家,22
570,鼓励,22
571,为了,22
572,决定,22
573,仪式,22
574,支援,22
575,24,22
576,指定,22
577,科普,22
578,任务,21
579,医生,21
580,岗位,21
581,较大,21
582,挑战,21
583,掌握,21
584,转型,21
585,切实,21
586,贷款,21
587,核酸,21
588,证明,21
589,防伪,21
590,重大,21
591,重庆,21
592,窗口,21
593,之间,21
594,两国,21
595,中方,21
596,社会公众,21
597,联控,21
598,四是,21
599,服务团,21
600,重庆市,21
601,睦邻,21
602,主办,20
603,课程,20
604,城市,20
605,专项,20
606,下发,20
607,江西省,20
608,总会,20
609,团结,20
610,整合,20
611,加大,20
612,带领,20
613,注册,20
614,开始,20
615,冲击,20
616,造成,20
617,产业,20
618,效果,20
619,预防,20
620,治疗,20
621,购买,20
622,加油,20
623,上报,20
624,时艰,20
625,组建,20
626,顺利,19
627,处理,19
628,感受,19
629,简称,19
630,社会工作者,19
631,医护,19
632,出台,19
633,中央,19
634,文化,19
635,国际交流,19
636,复苏,19
637,酒店,19
638,压力,19
639,个体,19
640,桥梁,19
641,服务中心,19
642,APP,19
643,三个,19
644,信心,19
645,准备,19
646,命运,19
647,康复,19
648,操作,19
649,党组织,19
650,利用,19
651,机关,19
652,普法,19
653,拍摄,19
654,日至,18
655,集中,18
656,存在,18
657,申请,18
658,一方面,18
659,防范,18
660,还有,18
661,什么,18
662,这样,18
663,作出,18
664,学校,18
665,践行,18
666,秩序,18
667,共识,18
668,税务,18
669,共计,18
670,各种,18
671,是否,18
672,产品质量,18
673,共同体,18
674,应该,18
675,降低,18
676,平稳,18
677,调整,18
678,前线,18
679,全国性,18
680,滞销,18
681,做到,18
682,党建,18
683,配送,18
684,领导,18
685,一手,18
686,伊朗,18
687,结束,18
688,受益人,18
689,突破,17
690,进入,17
691,常态,17
692,可能,17
693,暖心,17
694,同事,17
695,随着,17
696,蔓延,17
697,双方,17
698,起来,17
699,非政府,17
700,急需,17
701,贫困,17
702,义务,17
703,安徽,17
704,医疗机构,17
705,扶持,17
706,课堂,17
707,工程,17
708,力所能及,17
709,深圳,17
710,此外,17
711,德国,17
712,发言,17
713,手段,17
714,及其,17
715,推广,17
716,会费,17
717,综合,17
718,13,17
719,距离,17
720,设备,17
721,主体,17
722,汇聚,17
723,房地产,17
724,减免,17
725,汇总,17
726,万余元,17
727,工会,17
728,传播,17
729,跟踪,17
730,年报,17
731,动态,17
732,事务所,17
733,使命,17
734,人力资源,17
735,党支部,17
736,近日,16
737,过程,16
738,爆发,16
739,二级,16
740,治理,16
741,范围,16
742,资料,16
743,告诉,16
744,值守,16
745,城乡,16
746,对象,16
747,虽然,16
748,完善,16
749,认真,16
750,书记,16
751,高效,16
752,月初,16
753,设计,16
754,彰显,16
755,黎巴嫩,16
756,一路,16
757,洗手,16
758,国内外,16
759,每日,16
760,医师,16
761,尽快,16
762,辅导,16
763,龙头企业,16
764,取得,16
765,供需,16
766,北京地区,16
767,确定,16
768,制度,16
769,战胜,16
770,27,16
771,国务院,16
772,诉求,16
773,200,16
774,所有,16
775,医务,16
776,资助,16
777,互动,16
778,产销,16
779,食品安全,16
780,门店,16
781,消毒液,16
782,福建省,16
783,文件,16
784,捐款捐物,16
785,中医药,16
786,运行,16
787,兵团,16
788,相守,15
789,宝贵,15
790,疫区,15
791,一系列,15
792,教授,15
793,公示,15
794,时候,15
795,保障金,15
796,聚焦,15
797,大学,15
798,一名,15
799,详细,15
800,21,15
801,熊承刚,15
802,体现,15
803,看到,15
804,力度,15
805,满足,15
806,远程,15
807,合力,15
808,募集,15
809,粮食,15
810,28,15
811,传递,15
812,不足,15
813,强调,15
814,应用,15
815,人数,15
816,加工,15
817,参会,15
818,用工,15
819,消费者,15
820,追溯,15
821,围绕,15
822,学院,15
823,隐形,15
824,数智化,15
825,违反,15
826,原则,15
827,乒协,15
828,训练,15
829,家政,15
830,情绪,15
831,面向,15
832,指挥部,15
833,茶叶,15
834,接触,15
835,保证,15
836,标准,15
837,原料,15
838,站位,15
839,防护服,15
840,创作,15
841,小区,15
842,厦门,15
843,护目镜,15
844,政务,15
845,抖音,15
846,财产,15
847,保供,15
848,记录,15
849,凌晨,14
850,恢复正常,14
851,到位,14
852,专门,14
853,英雄,14
854,胜利,14
855,期待,14
856,武器,14
857,中外,14
858,病例,14
859,人民币,14
860,一带,14
861,加速,14
862,绿色,14
863,营造,14
864,安心,14
865,优惠政策,14
866,工商户,14
867,办公,14
868,展示,14
869,本地,14
870,完全,14
871,智慧,14
872,研究院,14
873,实际,14
874,采用,14
875,职业,14
876,不少,14
877,南方,14
878,同行,14
879,纽带,14
880,反馈,14
881,台球,14
882,事项,14
883,统一,14
884,监督,14
885,防治,14
886,业主,14
887,境外,14
888,电话,14
889,收费,14
890,干预,13
891,联合行动,13
892,日起,13
893,各地,13
894,多位,13
895,故事,13
896,支出,13
897,生命,13
898,老人,13
899,运送,13
900,宣布,13
901,救助,13
902,成功,13
903,奉献,13
904,连线,13
905,承诺书,13
906,导致,13
907,扎实,13
908,评价,13
909,民心,13
910,相通,13
911,丝路,13
912,一家亲,13
913,特点,13
914,诊疗,13
915,共享,13
916,尼泊尔,13
917,公共场所,13
918,改善,13
919,效率,13
920,一支,13
921,筹集,13
922,海外,13
923,餐饮企业,13
924,数字化,13
925,多种,13
926,拓展,13
927,总局,13
928,针对性,13
929,高度重视,13
930,一场,13
931,供给,13
932,重新,13
933,联盟,13
934,非洲,13
935,支撑,13
936,选择,13
937,许多,13
938,构建,13
939,营销,13
940,树立,13
941,签署,13
942,贡献力量,13
943,凸显,13
944,支付宝,13
945,自我,13
946,达到,13
947,更加,13
948,制作,13
949,停止,13
950,区域,13
951,人士,13
952,运用,13
953,居家,13
954,农村,13
955,意见,13
956,捐献,13
957,抓好,13
958,促会,13
959,梳理,13
960,用途,13
961,备案,13
962,管理费用,13
963,同志,13
964,十大,13
965,调度,13
966,基础,13
967,走进,13
968,李定,13
969,心理卫生,12
970,服务体系,12
971,节目,12
972,寂寞,12
973,不仅,12
974,协会会长,12
975,心理学,12
976,不断,12
977,正式,12
978,优先,12
979,第二,12
980,审核,12
981,但是,12
982,流程,12
983,此前,12
984,26,12
985,艰难,12
986,比较,12
987,团结合作,12
988,团体,12
989,框架,12
990,疫苗,12
991,开放,12
992,科研,12
993,中国扶贫基金会,12
994,极大,12
995,华人华侨,12
996,突发,12
997,饭店,12
998,银行业,12
999,率先,12
1000,随州市,12
1001,云端,12
1002,财务,12
1003,果品,12
1004,签约,12
1005,供应链,12
1006,市民,12
1007,民生,12
1008,赛区,12
1009,球队,12
1010,公布,12
1011,俱乐部,12
1012,29,12
1013,致辞,12
1014,惠企,12
1015,投资,12
1016,亚洲,12
1017,来源,12
1018,运营,12
1019,充分,12
1020,涉及,12
1021,争取,12
1022,利益,12
1023,国乒,12
1024,战斗,12
1025,区域性,12
1026,运动员,12
1027,乒乓球,12
1028,清洁,12
1029,希腊,12
1030,雅典,12
1031,实验室,12
1032,面前,12
1033,理念,12
1034,重建,12
1035,人群,12
1036,加入,12
1037,观看,12
1038,纷纷,12
1039,以上,12
1040,4.0,12
1041,地方,12
1042,分析,12
1043,撰写,12
1044,困难职工,12
1045,会上,12
1046,职工,12
1047,领导小组,12
1048,自律,12
1049,菲律宾,12
1050,针灸,12
1051,给予,12
1052,南非,12
1053,问题解答,12
1054,兰州市,12
1055,印发,12
1056,关联,12
1057,共克,12
1058,医药,12
1059,督导,12
1060,优惠,12
1061,大学生,12
1062,主管部门,12
1063,救护车,12
1064,行动计划,12
1065,上海市,12
1066,多名,11
1067,50,11
1068,有益,11
1069,探索,11
1070,万人次,11
1071,5000,11
1072,体系,11
1073,普通人,11
1074,400,11
1075,万名,11
1076,每个,11
1077,春节,11
1078,行者,11
1079,难题,11
1080,还是,11
1081,善款,11
1082,处于,11
1083,还要,11
1084,克服,11
1085,江苏,11
1086,队长,11
1087,提振,11
1088,之一,11
1089,注意,11
1090,优势互补,11
1091,近期,11
1092,巨大,11
1093,灾难,11
1094,平澜,11
1095,和平,11
1096,缅甸,11
1097,紧缺,11
1098,攻坚,11
1099,普及,11
1100,吸引,11
1101,抵达,11
1102,意大利,11
1103,更是,11
1104,金融机构,11
1105,已有,11
1106,担保,11
1107,电子商务,11
1108,神山,11
1109,建筑业,11
1110,万人,11
1111,首场,11
1112,招聘会,11
1113,战略,11
1114,小组,11
1115,苏宁,11
1116,而是,11
1117,全球性,11
1118,数字,11
1119,普惠,11
1120,成本,11
1121,人权,11
1122,种族歧视,11
1123,状况,11
1124,变化,11
1125,体育,11
1126,参赛,11
1127,18,11
1128,乃至,11
1129,人们,11
1130,基本,11
1131,定点,11
1132,成果,11
1133,猛犸,11
1134,环境,11
1135,咨询服务,11
1136,总结,11
1137,主任医师,11
1138,实际行动,11
1139,脐橙,11
1140,基地,11
1141,秭归,11
1142,零售,11
1143,从业人员,11
1144,承担,11
1145,进店,11
1146,预约,11
1147,美发,11
1148,实行,11
1149,聚集,11
1150,就餐,11
1151,专人,11
1152,带头,11
1153,作品,11
1154,参考,11
1155,发改委,11
1156,能量,11
1157,工业,11
1158,石油,11
1159,关心,11
1160,资格,11
1161,年度,11
1162,严峻,11
1163,市政府,11
1164,海南省,11
1165,专报,11
1166,压实,11
1167,师市,11
1168,畜牧,11
1169,弘扬,10
1170,委员,10
1171,承办,10
1172,案例,10
1173,共有,10
1174,理事长,10
1175,电视台,10
1176,播出,10
1177,整个,10
1178,推送,10
1179,建言献策,10
1180,不到,10
1181,一天,10
1182,付出,10
1183,做点,10
1184,投身,10
1185,尽可能,10
1186,不幸,10
1187,一边,10
1188,地说,10
1189,回访,10
1190,身体,10
1191,属于,10
1192,除了,10
1193,家人,10
1194,最后,10
1195,一条,10
1196,办法,10
1197,只有,10
1198,服务业,10
1199,普通,10
1200,多方,10
1201,分配,10
1202,服务项目,10
1203,政府部门,10
1204,例如,10
1205,一批,10
1206,浙江,10
1207,贸易,10
1208,程度,10
1209,余万元,10
1210,负责,10
1211,减少,10
1212,住宿,10
1213,氛围,10
1214,高度,10
1215,服务平台,10
1216,打造,10
1217,延期,10
1218,火神,10
1219,定期,10
1220,契机,10
1221,餐厅,10
1222,这是,10
1223,优质,10
1224,尤其,10
1225,之后,10
1226,举措,10
1227,扩大,10
1228,采访,10
1229,真正,10
1230,欧洲,10
1231,斗争,10
1232,无法,10
1233,计算,10
1234,升级,10
1235,融资难,10
1236,传统,10
1237,做法,10
1238,董事长,10
1239,关系,10
1240,相比,10
1241,所在,10
1242,丰富,10
1243,证书,10
1244,弱势群体,10
1245,考虑,10
1246,平等,10
1247,生存,10
1248,展开,10
1249,各自,10
1250,杜塞尔多夫,10
1251,部长,10
1252,才能,10
1253,始终,10
1254,企业信用,10
1255,3000,10
1256,增强,10
1257,密切,10
1258,救治,10
1259,解答,10
1260,表达,10
1261,脱贫,10
1262,大力,10
1263,90,10
1264,500,10
1265,协会会员,10
1266,响应号召,10
1267,体温,10
1268,展现,10
1269,落细,10
1270,我省,10
1271,解困,10
1272,同步,10
1273,当天,10
1274,适用,10
1275,更好,10
1276,收到,10
1277,日常,10
1278,募得,10
1279,甘肃,10
1280,利害,10
1281,关系人,10
1282,改正,10
1283,省级,10
1284,五是,10
1285,众志成城,10
1286,援企,10
1287,宣讲,10
1288,黑龙江省,10
1289,幸福,9
1290,之声,9
1291,阅读,9
1292,思考,9
1293,冬青,9
1294,张海,9
1295,测温,9
1296,领取,9
1297,越来越,9
1298,重症,9
1299,危重症,9
1300,身故,9
1301,本人,9
1302,拨付,9
1303,症状,9
1304,朋友圈,9
1305,孩子,9
1306,31,9
1307,这才,9
1308,决心,9
1309,全力支持,9
1310,洗手液,9
1311,中国国际交流协会,9
1312,对策,9
1313,研发,9
1314,贫困地区,9
1315,丝带,9
1316,守望相助,9
1317,公羊,9
1318,招募,9
1319,更大,9
1320,商务,9
1321,客源,9
1322,消息,9
1323,合计,9
1324,损失,9
1325,授信,9
1326,申报,9
1327,直播间,9
1328,予以,9
1329,果树,9
1330,录制,9
1331,企业家,9
1332,困境,9
1333,烹饪,9
1334,大众,9
1335,商品,9
1336,中超联赛,9
1337,上海,9
1338,石家庄,9
1339,球员,9
1340,转会,9
1341,数量,9
1342,地位,9
1343,高峰论坛,9
1344,今日,9
1345,嘉宾,9
1346,韩国,9
1347,基建,9
1348,科技股份,9
1349,微光,9
1350,字见,9
1351,活力,9
1352,常务理事,9
1353,核心,9
1354,场景,9
1355,名单,9
1356,一定,9
1357,不力,9
1358,预警,9
1359,暴发,9
1360,集训,9
1361,回到,9
1362,邀请赛,9
1363,队友,9
1364,观众,9
1365,以往,9
1366,无论,9
1367,暂停,9
1368,合理,9
1369,病毒检测,9
1370,今后,9
1371,中华,9
1372,感人事迹,9
1373,专家组,9
1374,秘书处,9
1375,分会,9
1376,监测,9
1377,确诊,9
1378,发现,9
1379,立即,9
1380,全方位,9
1381,医疗队,9
1382,编写,9
1383,方舱,9
1384,鼓劲,9
1385,余名,9
1386,楼宇,9
1387,报送,9
1388,四川省,9
1389,总工会,9
1390,广大职工,9
1391,慰问,9
1392,前提,9
1393,博鳌,9
1394,产生,9
1395,中医,9
1396,抵制,9
1397,殉职,9
1398,费用,9
1399,挪用,9
1400,实时,9
1401,临时,9
1402,评估,9
1403,手续,9
1404,税收,9
1405,管理人员,9
1406,新浪,9
1407,农户,9
1408,药品,9
1409,汇编,9
1410,律师协会,9
1411,会计师,9
1412,纳税人,9
1413,财税,9
1414,道路,9
1415,产业园,9
1416,税务师,9
1417,市委,9
1418,助农,9
1419,指示精神,9
1420,余人次,9
1421,负压,9
1422,暖企,9
1423,1.2,8
1424,研究所,8
1425,身边,8
1426,认可,8
1427,平均,8
1428,350,8
1429,药物,8
1430,当时,8
1431,那么,8
1432,等待,8
1433,一种,8
1434,内部,8
1435,村民,8
1436,一位,8
1437,休息,8
1438,平凡,8
1439,空间,8
1440,授课,8
1441,中旬,8
1442,难民营,8
1443,而且,8
1444,研讨,8
1445,2000,8
1446,1.5,8
1447,事件,8
1448,积累,8
1449,承诺,8
1450,医疗器械,8
1451,回来,8
1452,达成,8
1453,赋能,8
1454,运转,8
1455,通风,8
1456,明确,8
1457,带货,8
1458,电商,8
1459,香菇,8
1460,从事,8
1461,拓宽,8
1462,良好,8
1463,打通,8
1464,签订,8
1465,意向,8
1466,用户,8
1467,机会,8
1468,享受,8
1469,现状,8
1470,全面落实,8
1471,开发,8
1472,补充,8
1473,关键,8
1474,这一,8
1475,今天,8
1476,孵化,8
1477,不是,8
1478,总经理,8
1479,总体,8
1480,东方,8
1481,增加,8
1482,做实,8
1483,污名,8
1484,最终,8
1485,封锁,8
1486,遇到,8
1487,1000,8
1488,初期,8
1489,首都,8
1490,卫生部,8
1491,组成员,8
1492,网友,8
1493,推荐,8
1494,批发市场,8
1495,送到,8
1496,产业化,8
1497,央联,8
1498,小龙虾,8
1499,网站,8
1500,品种,8
1501,官网,8
1502,连锁,8
1503,冷冻,8
1504,畜禽,8
1505,走访,8
1506,一客,8
1507,群体性,8
1508,聚餐,8
1509,检查指导,8
1510,先锋,8
1511,另一方面,8
1512,专业人才,8
1513,传染病,8
1514,全民,8
1515,各项措施,8
1516,工会组织,8
1517,方便,8
1518,目标,8
1519,协作,8
1520,分公司,8
1521,监管,8
1522,通道,8
1523,友好,8
1524,呼吁,8
1525,老挝,8
1526,灾害,8
1527,会诊,8
1528,讲座,8
1529,剩余,8
1530,目的,8
1531,侵占,8
1532,微博,8
1533,担任,8
1534,19,8
1535,84,8
1536,危险,8
1537,双品,8
1538,购节,8
1539,短缺,8
1540,教学,8
1541,省委,8
1542,高质量,8
1543,联络,8
1544,暖业,8
1545,定制,8
1546,意见建议,8
1547,高校,8
1548,文旅,8
1549,统筹安排,8
1550,法治,8
1551,兽医局,8
1552,天津市,8
1553,协同,7
1554,清华大学,7
1555,天内,7
1556,一直,7
1557,陪伴,7
1558,广播,7
1559,首席,7
1560,图文,7
1561,一样,7
1562,基于,7
1563,万个,7
1564,补助,7
1565,致敬,7
1566,落地,7
1567,妈妈,7
1568,名字,7
1569,难过,7
1570,准确,7
1571,明显,7
1572,党总支,7
1573,回家,7
1574,创造,7
1575,角度,7
1576,亮点,7
1577,前期,7
1578,确实,7
1579,一个个,7
1580,引发,7
1581,燃眉之急,7
1582,办公室,7
1583,各尽所能,7
1584,跨界,7
1585,布局,7
1586,150,7
1587,攻关,7
1588,发展中国家,7
1589,受益,7
1590,金边,7
1591,大量,7
1592,手册,7
1593,友谊,7
1594,之下,7
1595,受新冠,7
1596,宴会,7
1597,首届,7
1598,信贷,7
1599,减轻,7
1600,低息贷款,7
1601,为期,7
1602,工人,7
1603,解读,7
1604,种植,7
1605,春季,7
1606,实际困难,7
1607,答疑,7
1608,招商,7
1609,日益,7
1610,背后,7
1611,迫切,7
1612,精细化,7
1613,副总裁,7
1614,基础设施,7
1615,董事,7
1616,精彩,7
1617,尽锐,7
1618,出战,7
1619,显著,7
1620,依据,7
1621,相结合,7
1622,政策措施,7
1623,研究会,7
1624,万多,7
1625,死亡,7
1626,边缘,7
1627,大规模,7
1628,筹划,7
1629,集结,7
1630,上述,7
1631,获取,7
1632,任何,7
1633,公告,7
1634,回归,7
1635,为此,7
1636,相应,7
1637,副厅长,7
1638,知道,7
1639,整理,7
1640,一道,7
1641,对抗,7
1642,权威,7
1643,首批,7
1644,医学,7
1645,务实,7
1646,非常,7
1647,社团,7
1648,讲解,7
1649,派出,7
1650,半个,7
1651,多月,7
1652,奖章,7
1653,医科大学,7
1654,一步,7
1655,延长,7
1656,重视,7
1657,借鉴,7
1658,踊跃,7
1659,生鲜,7
1660,保护,7
1661,这种,7
1662,复业,7
1663,管控,7
1664,另外,7
1665,社会各界,7
1666,医学会,7
1667,临床,7
1668,漫画,7
1669,上门,7
1670,公共,7
1671,链接,7
1672,四川,7
1673,社会化,7
1674,脱困,7
1675,批示,7
1676,牵头,7
1677,受赠,7
1678,货源,7
1679,三社,7
1680,突出,7
1681,避免,7
1682,齐心协力,7
1683,疾病,7
1684,意义,7
1685,合法权益,7
1686,红十字,7
1687,求助,7
1688,多种形式,7
1689,养老院,7
1690,确认,7
1691,奔赴,7
1692,万平方米,7
1693,陆续,7
1694,防线,7
1695,倡导,7
1696,法律法规,7
1697,受到,7
1698,转发,7
1699,重要讲话,7
1700,坚定,7
1701,春耕,7
1702,编制,7
1703,研讨会,7
1704,借助,7
1705,工作组,7
1706,党委政府,7
1707,卫视,7
1708,社会保障,7
1709,服务组,7
1710,合肥,7
1711,省政府,7
1712,标准化,7
1713,典型,7
1714,残疾人,7
1715,接听,7
1716,新闻,7
1717,职教,7
1718,两不误,7
1719,两手抓,7
1720,服务站,7
1721,理发,7
1722,总商会,7
1723,加油站,7
1724,学术,6
1725,前所未有,6
1726,博能,6
1727,芒果,6
1728,简然,6
1729,收看,6
1730,治愈,6
1731,歧视,6
1732,焦虑,6
1733,青少年,6
1734,老年人,6
1735,携手同心,6
1736,助战,6
1737,108,6
1738,受助者,6
1739,一旦,6
1740,安危,6
1741,承受,6
1742,有近,6
1743,奋战,6
1744,千千万万,6
1745,专属,6
1746,可敬,6
1747,实事,6
1748,感染者,6
1749,补助金,6
1750,欣慰,6
1751,培训部,6
1752,语言,6
1753,觉得,6
1754,填写,6
1755,核实,6
1756,透明,6
1757,营盘,6
1758,询问,6
1759,可是,6
1760,总是,6
1761,放心,6
1762,突然,6
1763,年仅,6
1764,许鹏,6
1765,爸爸,6
1766,再也,6
1767,居委会,6
1768,父亲,6
1769,怎么,6
1770,多岁,6
1771,大队,6
1772,家里,6
1773,愿意,6
1774,伟大,6
1775,58,6
1776,关怀,6
1777,无缝,6
1778,说明,6
1779,无数,6
1780,三方,6
1781,亡者,6
1782,亲属,6
1783,当新冠,6
1784,难民,6
1785,诊治,6
1786,秉持,6
1787,多万元,6
1788,马云,6
1789,强有力,6
1790,智能,6
1791,架次,6
1792,专车,6
1793,奥地利,6
1794,加深,6
1795,留学生,6
1796,世界舞台,6
1797,开幕式,6
1798,协力,6
1799,理财,6
1800,信用,6
1801,堂食,6
1802,细则,6
1803,余万人次,6
1804,80,6
1805,菇农,6
1806,解惑,6
1807,中建,6
1808,春风,6
1809,传入,6
1810,即可,6
1811,首次,6
1812,点评,6
1813,查看,6
1814,餐企,6
1815,溯源,6
1816,广东,6
1817,市场监管,6
1818,赛季,6
1819,苏州,6
1820,大连,6
1821,分为,6
1822,青岛,6
1823,中国足协,6
1824,严格遵守,6
1825,中超,6
1826,日期,6
1827,各界,6
1828,占据,6
1829,创业,6
1830,王民,6
1831,对此,6
1832,减缓,6
1833,现金流,6
1834,中断,6
1835,驱动力,6
1836,成长,6
1837,不要,6
1838,美洲,6
1839,国会议员,6
1840,日本,6
1841,底座,6
1842,更生,6
1843,对小微,6
1844,打法,6
1845,北大,6
1846,纵横,6
1847,创始人,6
1848,劳动模范,6
1849,联合体,6
1850,应有,6
1851,成熟度,6
1852,组成部分,6
1853,竞争力,6
1854,出发,6
1855,北京大学,6
1856,审批,6
1857,难关,6
1858,美国政府,6
1859,贫富,6
1860,分化,6
1861,陷入,6
1862,资本,6
1863,放在首位,6
1864,视为,6
1865,攻击,6
1866,对手,6
1867,力争,6
1868,重启,6
1869,随时,6
1870,变更,6
1871,封闭,6
1872,本月,6
1873,队内,6
1874,主力,6
1875,先行一步,6
1876,联赛,6
1877,国手,6
1878,尚坤,6
1879,夺得,6
1880,对抗赛,6
1881,收益,6
1882,大型,6
1883,细节,6
1884,班车,6
1885,遵守,6
1886,逐渐,6
1887,抵押,6
1888,10%,6
1889,分行,6
1890,公益性,6
1891,去年同期,6
1892,海淀区,6
1893,华大,6
1894,章启月,6
1895,基基,6
1896,利亚斯,6
1897,中希,6
1898,至上,6
1899,作出贡献,6
1900,心理压力,6
1901,湖北省人民政府,6
1902,外事办公室,6
1903,使馆,6
1904,中央政府,6
1905,区政府,6
1906,国立,6
1907,元首,6
1908,秘中,6
1909,两国人民,6
1910,诊断,6
1911,淑静,6
1912,儿子,6
1913,购置,6
1914,疫病,6
1915,由于,6
1916,镜头,6
1917,登录,6
1918,运作,6
1919,助推,6
1920,发地,6
1921,开辟,6
1922,信息化,6
1923,遏制,6
1924,日晚,6
1925,自查,6
1926,猪肉,6
1927,牛肉,6
1928,隐患,6
1929,原材料,6
1930,进货,6
1931,筛查,6
1932,店内,6
1933,付军,6
1934,美容,6
1935,预案,6
1936,逐步,6
1937,工位,6
1938,间距,6
1939,清理,6
1940,对话,6
1941,优化,6
1942,普遍,6
1943,用药,6
1944,文艺创作,6
1945,余篇,6
1946,杀菌,6
1947,与会,6
1948,装备,6
1949,全球化,6
1950,指示,6
1951,所属,6
1952,慈善会,6
1953,菲中,6
1954,针灸学,6
1955,认识,6
1956,特定,6
1957,官方网站,6
1958,提交,6
1959,2019,6
1960,金额,6
1961,华大基因,6
1962,保驾护航,6
1963,途径,6
1964,大爱,6
1965,比较突出,6
1966,我局,6
1967,十个,6
1968,实务,6
1969,分期,6
1970,连载,6
1971,敬请,6
1972,约定,6
1973,周期,6
1974,小伙,6
1975,蔬菜,6
1976,面积,6
1977,责令,6
1978,提前,6
1979,核查,6
1980,肯定,6
1981,坚定信心,6
1982,施策,6
1983,总社,6
1984,靠前,6
1985,哄抬物价,6
1986,农资,6
1987,理解,6
1988,稳步,6
1989,贯彻,6
1990,上门服务,6
1991,最新,6
1992,大局,6
1993,福建,6
1994,金融业,6
1995,纠纷,6
1996,涉税,6
1997,测评,6
1998,劳动,6
1999,顾问,6
2000,本行业,6
2001,积极开展,6
2002,贴心,6
2003,事迹,6
2004,17,6
2005,家长,6
2006,微信群,6
2007,一致,6
2008,师生,6
2009,学生,6
2010,股份,6
2011,丰台区,6
2012,120,6
2013,阻击,6
2014,稳妥,6
2015,广泛开展,6
2016,租赁,6
2017,生命安全,6
2018,身体健康,6
2019,住房,6
2020,通信,6
2021,园区,6
2022,讲话,6
2023,各项政策,6
2024,思源,6
2025,座谈会,6
2026,綦江,6
2027,饲料行业,6
2028,余份,6
2029,中共,5
2030,两地,5
2031,心理专家,5
2032,长江,5
2033,点滴,5
2034,2018,5
2035,下午,5
2036,不畏艰难,5
2037,巡查,5
2038,照顾,5
2039,印象,5
2040,深刻,5
2041,姓名,5
2042,那一刻,5
2043,算是,5
2044,慰问金,5
2045,一份,5
2046,人流,5
2047,天后,5
2048,各个,5
2049,浏览量,5
2050,经历,5
2051,幸运地,5
2052,设置,5
2053,实践,5
2054,良好效果,5
2055,契合,5
2056,找到,5
2057,消毒剂,5
2058,惠及,5
2059,成就,5
2060,无悔,5
2061,青春,5
2062,55,5
2063,166,5
2064,专区,5
2065,信息技术,5
2066,光华,5
2067,157,5
2068,总价值,5
2069,机场,5
2070,深蓝色,5
2071,中华慈善总会,5
2072,车站,5
2073,广场,5
2074,专机,5
2075,推行,5
2076,青年志愿者协会,5
2077,尝试,5
2078,风雨,5
2079,郑超,5
2080,1500,5
2081,多项,5
2082,交通运输,5
2083,三农,5
2084,一揽子,5
2085,摸清,5
2086,各市,5
2087,税费,5
2088,外贸,5
2089,不但,5
2090,余次,5
2091,空调,5
2092,受众,5
2093,畅通,5
2094,制造,5
2095,会同,5
2096,涂兆宇,5
2097,反弹,5
2098,走出,5
2099,日前,5
2100,比例,5
2101,返还,5
2102,交流会,5
2103,视频会议,5
2104,山东,5
2105,副局长,5
2106,空场,5
2107,河北,5
2108,管理工作,5
2109,事宜,5
2110,限制,5
2111,2017,5
2112,良好氛围,5
2113,国际商会,5
2114,社交,5
2115,预期,5
2116,使得,5
2117,新兴,5
2118,寻求,5
2119,凭借,5
2120,扩散,5
2121,重振,5
2122,业态,5
2123,涌现,5
2124,瞄准,5
2125,传媒,5
2126,强烈,5
2127,链条,5
2128,便利,5
2129,总裁,5
2130,同样,5
2131,本届,5
2132,呈现,5
2133,现实,5
2134,民营企业,5
2135,湖南,5
2136,切实落实,5
2137,破解,5
2138,发表,5
2139,政治化,5
2140,反应,5
2141,愈加,5
2142,警察,5
2143,执法,5
2144,日子,5
2145,不错,5
2146,好转,5
2147,行程,5
2148,搭乘,5
2149,后期,5
2150,缺乏,5
2151,激发,5
2152,各异,5
2153,首个,5
2154,随后,5
2155,所得,5
2156,回馈,5
2157,欣赏,5
2158,适时,5
2159,参赛者,5
2160,两次,5
2161,接种,5
2162,写道,5
2163,环保,5
2164,销量,5
2165,常务,5
2166,天津,5
2167,餐桌,5
2168,月份,5
2169,输送到,5
2170,一项,5
2171,着眼,5
2172,互利,5
2173,纾解,5
2174,有限,5
2175,得知,5
2176,只是,5
2177,武汉大学,5
2178,流行病学,5
2179,共建,5
2180,着重,5
2181,执政,5
2182,欢迎,5
2183,市长,5
2184,与会者,5
2185,感谢,5
2186,受益匪浅,5
2187,生动,5
2188,形象,5
2189,促成,5
2190,万次,5
2191,订单,5
2192,销售额,5
2193,查询,5
2194,春茶,5
2195,着手,5
2196,灵活,5
2197,多吨,5
2198,追踪,5
2199,紧急通知,5
2200,制品,5
2201,参照,5
2202,餐饮具,5
2203,健康状况,5
2204,禁止,5
2205,召集,5
2206,个人信息,5
2207,客户,5
2208,商务局,5
2209,上岗,5
2210,一次性,5
2211,监控,5
2212,提示,5
2213,顾客,5
2214,规模,5
2215,履职,5
2216,模范作用,5
2217,留守,5
2218,外地,5
2219,援汉,5
2220,不信谣,5
2221,传谣,5
2222,策略,5
2223,背景,5
2224,调配,5
2225,定点医院,5
2226,深化,5
2227,困难群众,5
2228,解决困难,5
2229,软件,5
2230,总体战,5
2231,民营,5
2232,最低,5
2233,酒精,5
2234,独善其身,5
2235,发力,5
2236,对外,5
2237,捐物,5
2238,摸底,5
2239,各区,5
2240,附属,5
2241,中医院,5
2242,发来,5
2243,互鉴,5
2244,身心健康,5
2245,下载,5
2246,邮箱,5
2247,人道主义,5
2248,余个,5
2249,600,5
2250,负担,5
2251,卫生防疫,5
2252,经过,5
2253,分队,5
2254,作业,5
2255,办公厅,5
2256,公民,5
2257,援鄂,5
2258,难以,5
2259,收入,5
2260,私分,5
2261,分配情况,5
2262,定向,5
2263,告知,5
2264,几个,5
2265,名称,5
2266,密集,5
2267,家中,5
2268,逆行,5
2269,符合,5
2270,便捷,5
2271,限期,5
2272,整改,5
2273,所在地,5
2274,期限,5
2275,补办,5
2276,进口,5
2277,第三,5
2278,社保,5
2279,租金,5
2280,关联方,5
2281,致富,5
2282,带头人,5
2283,广播电视,5
2284,同舟共济,5
2285,意识,5
2286,思想,5
2287,资源优势,5
2288,物资供应,5
2289,迅速行动,5
2290,多措,5
2291,并举,5
2292,年会,5
2293,办事,5
2294,QQ,5
2295,改革,5
2296,龙抬头,5
2297,初心,5
2298,粮油,5
2299,服务行业,5
2300,智库,5
2301,正确,5
2302,舆论,5
2303,命令,5
2304,高速,5
2305,充分利用,5
2306,程序,5
2307,招聘,5
2308,人才,5
2309,适当,5
2310,影像,5
2311,老师,5
2312,限度,5
2313,贫困户,5
2314,定时,5
2315,尽早,5
2316,筑牢,5
2317,落实工作,5
2318,车辆,5
2319,总医院,5
2320,和谐,5
2321,万众一心,5
2322,功能,5
2323,从业者,5
2324,传达,5
2325,放在,5
2326,第一位,5
2327,汽车,5
2328,用品,5
2329,售楼部,5
2330,解决问题,5
2331,督促,5
2332,全力以赴,5
2333,服务性,5
2334,问卷,5
2335,楼栋,5
2336,试行,5
2337,器官移植,5
2338,中石化,5
2339,口岸,5
2340,稳产,5
2341,巡视员,4
2342,2300,4
2343,实验,4
2344,短短,4
2345,开播,4
2346,主持人,4
2347,起到,4
2348,表现,4
2349,全网,4
2350,战场,4
2351,担心,4
2352,所长,4
2353,整齐,4
2354,敬意,4
2355,空气,4
2356,感情,4
2357,安抚,4
2358,送菜,4
2359,干部,4
2360,网格,4
2361,接下来,4
2362,抓紧,4
2363,牺牲,4
2364,公平,4
2365,如此,4
2366,简单,4
2367,亲人,4
2368,心情,4
2369,符合条件,4
2370,关口,4
2371,身体状况,4
2372,天气,4
2373,感到,4
2374,不适,4
2375,45,4
2376,遭遇,4
2377,39,4
2378,奔波,4
2379,身影,4
2380,53,4
2381,退役军人,4
2382,6.5,4
2383,老年公寓,4
2384,充满,4
2385,热情,4
2386,拟定,4
2387,独特,4
2388,善事,4
2389,出资,4
2390,纪实,4
2391,想法,4
2392,伙伴,4
2393,实操,4
2394,余场,4
2395,电子,4
2396,余件,4
2397,130,4
2398,赛跑,4
2399,增进,4
2400,锻炼,4
2401,必将,4
2402,饭店业,4
2403,餐饮行业,4
2404,110,4
2405,电力,4
2406,销路,4
2407,云上,4
2408,一年,4
2409,代表性,4
2410,想方设法,4
2411,抓住机遇,4
2412,搭台,4
2413,率领,4
2414,循环,4
2415,三局,4
2416,披露,4
2417,用餐,4
2418,据介绍,4
2419,组合,4
2420,还款,4
2421,本金,4
2422,一个月,4
2423,监督管理,4
2424,野生动物,4
2425,当代,4
2426,当日,4
2427,引进,4
2428,74,4
2429,每年,4
2430,增加收入,4
2431,开幕,4
2432,动力,4
2433,浓厚,4
2434,不畅,4
2435,出口,4
2436,北京师范大学,4
2437,增长,4
2438,得以,4
2439,中国政府,4
2440,原本,4
2441,此时,4
2442,生态,4
2443,机遇,4
2444,因此,4
2445,投放,4
2446,组合拳,4
2447,规划,4
2448,低于,4
2449,数智,4
2450,免疫力,4
2451,护航,4
2452,经贸,4
2453,小店,4
2454,千家万户,4
2455,真情,4
2456,福祉,4
2457,而言,4
2458,利润,4
2459,全程,4
2460,人民政府,4
2461,百名,4
2462,市场主体,4
2463,某个,4
2464,困扰,4
2465,权益,4
2466,潜在,4
2467,推向,4
2468,遭受,4
2469,种族,4
2470,全人类,4
2471,状态,4
2472,澳门特别行政区,4
2473,澳门,4
2474,并于,4
2475,检验,4
2476,高举,4
2477,两项,4
2478,韩等,4
2479,奖金,4
2480,放宽,4
2481,改变,4
2482,运动,4
2483,同比增加,4
2484,建军,4
2485,层次,4
2486,多少,4
2487,水平,4
2488,邯郸市,4
2489,研制,4
2490,相互支持,4
2491,专线,4
2492,大力支持,4
2493,中南,4
2494,十分,4
2495,互帮互助,4
2496,花园,4
2497,阵地,4
2498,上阵,4
2499,团长,4
2500,表彰,4
2501,组长,4
2502,呼吸,4
2503,危重,4
2504,医学科,4
2505,原定,4
2506,初级,4
2507,重任,4
2508,开启,4
2509,县长,4
2510,善品,4
2511,公社,4
2512,县市区,4
2513,特产品,4
2514,美景,4
2515,恩施,4
2516,据统计,4
2517,人人,4
2518,整体,4
2519,梅宇,4
2520,重点县,4
2521,预计,4
2522,牵线搭桥,4
2523,做活,4
2524,鲜活,4
2525,金其洪,4
2526,市县,4
2527,极为,4
2528,终端,4
2529,柑橘,4
2530,对口,4
2531,调运,4
2532,专栏,4
2533,推介,4
2534,京东,4
2535,联动机制,4
2536,博览会,4
2537,经纪人,4
2538,蜂产品,4
2539,900,4
2540,病毒传播,4
2541,判断,4
2542,存储,4
2543,羊肉,4
2544,鸭肉,4
2545,水产品,4
2546,冷藏,4
2547,库房,4
2548,重点部位,4
2549,仍应,4
2550,服务指南,4
2551,清洗,4
2552,属地,4
2553,高风险,4
2554,可追溯,4
2555,储存,4
2556,诚信,4
2557,市场供应,4
2558,严格执行,4
2559,测体温,4
2560,两人,4
2561,客流,4
2562,相同,4
2563,客人,4
2564,海鲜,4
2565,陈桂钦,4
2566,疫期,4
2567,面部,4
2568,处置,4
2569,1.8,4
2570,每次,4
2571,工具,4
2572,密封,4
2573,包装,4
2574,传染,4
2575,两日,4
2576,酒席,4
2577,时刻,4
2578,佩戴,4
2579,严格控制,4
2580,他人,4
2581,接待,4
2582,特长,4
2583,冲锋在前,4
2584,广大党员,4
2585,决战,4
2586,突击队,4
2587,堡垒,4
2588,建筑,4
2589,投入使用,4
2590,骨干,4
2591,通用,4
2592,物品,4
2593,学术类,4
2594,科技类,4
2595,专家学者,4
2596,相信,4
2597,6000,4
2598,驿站,4
2599,800,4
2600,封控,4
2601,立足,4
2602,扎根,4
2603,成都,4
2604,折价,4
2605,充分肯定,4
2606,小康社会,4
2607,决胜,4
2608,牢固,4
2609,即日起,4
2610,审慎,4
2611,并列,4
2612,台协,4
2613,官员,4
2614,手部,4
2615,裁判员,4
2616,专职,4
2617,改为,4
2618,历史,4
2619,态势,4
2620,清晰,4
2621,第二届,4
2622,坚决拥护,4
2623,一级,4
2624,第一批,4
2625,工商联,4
2626,日报,4
2627,市区,4
2628,财物,4
2629,聚合,4
2630,四个,4
2631,涵盖,4
2632,班劳威,4
2633,有助于,4
2634,管理中心,4
2635,邮件,4
2636,赢得,4
2637,侵犯,4
2638,成效,4
2639,一对一,4
2640,每月,4
2641,使者,4
2642,事业,4
2643,专长,4
2644,留下,4
2645,情感,4
2646,塞尔维亚,4
2647,运抵,4
2648,Metech,4
2649,STG,4
2650,迄今,4
2651,万件,4
2652,铁桶,4
2653,埃塞俄比亚,4
2654,响亮,4
2655,刚刚,4
2656,队服,4
2657,复市,4
2658,水布,4
2659,表示感谢,4
2660,下来,4
2661,柬方,4
2662,称赞,4
2663,充分体现,4
2664,兄弟,4
2665,织就,4
2666,一张,4
2667,多天,4
2668,结果,4
2669,中西医,4
2670,土耳其,4
2671,妇女儿童,4
2672,变卖,4
2673,必要,4
2674,明细,4
2675,解疑释惑,4
2676,回应,4
2677,发布会,4
2678,客户端,4
2679,著作权,4
2680,五四,4
2681,来到,4
2682,真棒,4
2683,每当,4
2684,灾情,4
2685,家乡,4
2686,无私奉献,4
2687,逆向,4
2688,而行,4
2689,甘肃省,4
2690,第一线,4
2691,带动,4
2692,身为,4
2693,瓜果,4
2694,好样,4
2695,咱们,4
2696,致诚,4
2697,何国,4
2698,哪些,4
2699,开具,4
2700,票据,4
2701,凭据,4
2702,入账,4
2703,资产,4
2704,一般,4
2705,书面,4
2706,防止,4
2707,送达,4
2708,收取,4
2709,官方,4
2710,提倡,4
2711,合同,4
2712,以后,4
2713,老字号,4
2714,促销,4
2715,快递,4
2716,频道,4
2717,旨在,4
2718,建设性,4
2719,凝心,4
2720,聚力,4
2721,研判,4
2722,订购,4
2723,示范,4
2724,多次,4
2725,开设,4
2726,纪录片,4
2727,讲述,4
2728,囤积居奇,4
2729,微课,4
2730,宣传员,4
2731,返乡,4
2732,省内,4
2733,共度,4
2734,对企,4
2735,法律咨询,4
2736,体检,4
2737,人力,4
2738,金融服务,4
2739,摸查,4
2740,堵点,4
2741,问卷调查,4
2742,音乐,4
2743,MV,4
2744,前往,4
2745,一方有难,4
2746,八方支援,4
2747,学员,4
2748,多渠道,4
2749,听取,4
2750,免收,4
2751,池州市,4
2752,产能,4
2753,恺尔,4
2754,听障,4
2755,进度,4
2756,听力,4
2757,升旗仪式,4
2758,开学,4
2759,勇于,4
2760,牢记,4
2761,返京,4
2762,交通,4
2763,共渡难关,4
2764,向阳,4
2765,22,4
2766,茶商,4
2767,效应,4
2768,征集,4
2769,先进典型,4
2770,声像,4
2771,党员干部,4
2772,巅峰,4
2773,中国银行,4
2774,副理事长,4
2775,宣传报道,4
2776,案场,4
2777,街镇,4
2778,突发事件,4
2779,推迟,4
2780,慰问信,4
2781,电缆,4
2782,慰藉,4
2783,挖掘,4
2784,舆情,4
2785,涉企,4
2786,上级,4
2787,同济,4
2788,福田,4
2789,交付,4
2790,大足,4
2791,值班,4
2792,减压,4
2793,调节,4
2794,封闭式,4
2795,单体,4
2796,创投,4
2797,00,4
2798,油品,4
2799,天然气,4
2800,饲料原料,4
2801,农村部,4
2802,养殖场,4
2803,受阻,4
2804,典当,4
2805,同胞,4
2806,微心,4
2807,垃圾,4
2808,四联,4
2809,正文,3
2810,护佑,3
2811,第十三次,3
2812,丰盛,3
2813,心战疫,3
2814,首要,3
2815,张青,3
2816,惠泽人,3
2817,23000,3
2818,12.7,3
2819,倪子君,3
2820,心理学系,3
2821,68,3
2822,129,3
2823,104.2,3
2824,牵动,3
2825,电台,3
2826,钟雯,3
2827,台前幕后,3
2828,收听率,3
2829,高居,3
2830,排名,3
2831,引起,3
2832,强烈反响,3
2833,强劲,3
2834,类节目,3
2835,流量,3
2836,收听,3
2837,3.5,3
2838,活跃,3
2839,珠海市,3
2840,香洲区,3
2841,万晓丽,3
2842,她们,3
2843,148,3
2844,卫生领域,3
2845,0.2%,3
2846,北上,3
2847,广等,3
2848,快节奏,3
2849,病情,3
2850,复发,3
2851,周围,3
2852,自责,3
2853,起大,3
2854,浙江大学,3
2855,树林,3
2856,安徽师范大学,3
2857,方双虎,3
2858,尚善,3
2859,辛欣,3
2860,心理网,3
2861,陈伟,3
2862,启发,3
2863,看着,3
2864,桌上,3
2865,厚厚,3
2866,一沓,3
2867,摆放,3
2868,真的,3
2869,默默无闻,3
2870,没什么,3
2871,惊天动地,3
2872,大事,3
2873,说不出,3
2874,感动,3
2875,失去,3
2876,乱套,3
2877,全身心,3
2878,不顾,3
2879,甚至,3
2880,献出,3
2881,倾注,3
2882,送药,3
2883,失能,3
2884,重压,3
2885,平常,3
2886,重复,3
2887,疲惫,3
2888,坚毅,3
2889,65,3
2890,朴实,3
2891,诠释,3
2892,微保,3
2893,工作岗位,3
2894,挂满,3
2895,代购,3
2896,前面,3
2897,隔开,3
2898,人物,3
2899,守护者,3
2900,心想,3
2901,精力有限,3
2902,仍然,3
2903,高兴,3
2904,一段,3
2905,加班,3
2906,无论是,3
2907,设计方案,3
2908,反复,3
2909,自主,3
2910,心在,3
2911,沉默,3
2912,另一边,3
2913,内蒙古,3
2914,包头,3
2915,女孩,3
2916,已然,3
2917,泣不成声,3
2918,滕逸鹤,3
2919,因为,3
2920,劳累过度,3
2921,心源性,3
2922,猝死,3
2923,继承人,3
2924,不由自主,3
2925,跟着,3
2926,流眼泪,3
2927,靳柳慧,3
2928,公正,3
2929,法定继承,3
2930,宣读,3
2931,心痛,3
2932,赵楠,3
2933,动情,3
2934,质朴,3
2935,文字,3
2936,平平淡淡,3
2937,在读,3
2938,身份证号,3
2939,流泪,3
2940,哽咽,3
2941,发抖,3
2942,空洞,3
2943,只能,3
2944,静静地,3
2945,平复,3
2946,安慰,3
2947,有时候,3
2948,无力,3
2949,想到,3
2950,申请表,3
2951,专业化,3
2952,执行力,3
2953,每一分,3
2954,遂川县,3
2955,圩乡,3
2956,两省,3
2957,交界处,3
2958,车流,3
2959,村主任,3
2960,黄信,3
2961,终日,3
2962,高寒,3
2963,雨雪,3
2964,恶劣,3
2965,卡口,3
2966,一值,3
2967,一段时间,3
2968,心慌,3
2969,心悸,3
2970,冒汗,3
2971,实在,3
2972,太紧张,3
2973,离开,3
2974,答应,3
2975,值完,3
2976,哪承想,3
2977,发病,3
2978,心肌梗塞,3
2979,机动队,3
2980,美丽,3
2981,谎言,3
2982,怪兽,3
2983,令人,3
2984,泪目,3
2985,途中,3
2986,车祸,3
2987,去世,3
2988,十六七,3
2989,广西壮族自治区,3
2990,玉林市,3
2991,玉东,3
2992,新区,3
2993,茂林,3
2994,镇湘汉,3
2995,复产正,3
2996,陈继国,3
2997,陈继国于,3
2998,永远,3
2999,定格,3
3000,有着,3
3001,34,3
3002,党龄,3
3003,何来,3
3004,小家,3
3005,嘴边,3
3006,没日没夜,3
3007,冲锋,3
3008,曾多次,3
3009,一两天,3
3010,过去,3
3011,言行,3
3012,一辈子,3
3013,财富,3
3014,女儿,3
3015,陈波梅,3
3016,人里,3
3017,年龄段,3
3018,三四十,3
3019,最小,3
3020,顶梁柱,3
3021,多为,3
3022,敬重,3
3023,暖意,3
3024,对得起,3
3025,前不久,3
3026,330,3
3027,江汉区,3
3028,福利院,3
3029,声音,3
3030,干劲,3
3031,很难,3
3032,想象,3
3033,出院,3
3034,怎样,3
3035,痛苦,3
3036,煎熬,3
3037,乐观,3
3038,这段,3
3039,记忆,3
3040,封存,3
3041,默默,3
3042,余年,3
3043,领头人,3
3044,敬业,3
3045,江福,3
3046,我能,3
3047,扛过来,3
3048,做点事,3
3049,处在,3
3050,对后,3
3051,关注点,3
3052,别的,3
3053,里面,3
3054,范围广,3
3055,衔接,3
3056,顾虑,3
3057,可贵,3
3058,其实,3
3059,平时,3
3060,很少,3
3061,细致,3
3062,功夫,3
3063,凡人,3
3064,阶段性,3
3065,小小的,3
3066,不懈努力,3
3067,累积,3
3068,丰碑,3
3069,关心群众,3
3070,最佳,3
3071,赢点,3
3072,共生,3
3073,长远,3
3074,成功经验,3
3075,五社,3
3076,爱满,3
3077,荆楚,3
3078,融入,3
3079,引入,3
3080,一村,3
3081,程楠,3
3082,肆虐,3
3083,中非,3
3084,峰会,3
3085,主张,3
3086,共鸣,3
3087,天涯比邻,3
3088,情谊,3
3089,表明,3
3090,抵御,3
3091,蔓延到,3
3092,很快,3
3093,粮油食品,3
3094,中共中央对外联络部,3
3095,美好愿望,3
3096,合作项目,3
3097,经验交流,3
3098,总额,3
3099,1.92,3
3100,各具特色,3
3101,卓有成效,3
3102,场线,3
3103,交流活动,3
3104,十万人,3
3105,用来,3
3106,高考,3
3107,阅卷,3
3108,顺利开展,3
3109,灵活多样,3
3110,凝结,3
3111,菜鸟,3
3112,加急,3
3113,海外侨胞,3
3114,AI,3
3115,算力,3
3116,科研项目,3
3117,总计,3
3118,230,3
3119,实战,3
3120,卓越,3
3121,速度,3
3122,微笑,3
3123,234,3
3124,环境卫生,3
3125,贫困家庭,3
3126,饥饿,3
3127,精准度,3
3128,身着,3
3129,工作服,3
3130,训练有素,3
3131,经验丰富,3
3132,万册,3
3133,浙江省,3
3134,总动员,3
3135,国际航班,3
3136,批次,3
3137,货柜,3
3138,普拉,3
3139,托市,3
3140,一次次,3
3141,互助,3
3142,壮大,3
3143,iWill,3
3144,三师,3
3145,集群,3
3146,新机制,3
3147,人心齐,3
3148,泰山移,3
3149,共担,3
3150,深情厚谊,3
3151,第九届,3
3152,文化节,3
3153,会展,3
3154,入住率,3
3155,40%,3
3156,717,3
3157,百城,3
3158,千店,3
3159,特惠,3
3160,央视网,3
3161,中午,3
3162,万亿元,3
3163,中共中央政治局,3
3164,常务委员会,3
3165,当下,3
3166,加速度,3
3167,广开,3
3168,引来,3
3169,活水,3
3170,竭尽所能,3
3171,找出路,3
3172,1052,3
3173,拿到,3
3174,银行贷款,3
3175,增信,3
3176,三板,3
3177,四板,3
3178,机电,3
3179,纳税,3
3180,能源开发,3
3181,新能源,3
3182,6394,3
3183,发放贷款,3
3184,9436,3
3185,68.66,3
3186,10750,3
3187,还本付息,3
3188,15849,3
3189,68.32,3
3190,借路,3
3191,手握手,3
3192,标识,3
3193,职业技能,3
3194,市政工程,3
3195,余项,3
3196,工程技术,3
3197,考前,3
3198,抢建,3
3199,BIM,3
3200,岩土,3
3201,解封,3
3202,交流经验,3
3203,卫生间,3
3204,账号,3
3205,多多,3
3206,优品馆,3
3207,荆州市,3
3208,种植者,3
3209,闻名遐迩,3
3210,机械,3
3211,进程,3
3212,合理化,3
3213,聘请,3
3214,帮忙,3
3215,总投资额,3
3216,2451,3
3217,69,3
3218,重点项目,3
3219,落户,3
3220,281,3
3221,万余个,3
3222,看准,3
3223,唱戏,3
3224,借势,3
3225,产供销,3
3226,新七,3
3227,招工难,3
3228,黄石市,3
3229,就业局,3
3230,双千,3
3231,招工,3
3232,稳工,3
3233,431,3
3234,联手,3
3235,满意度,3
3236,活跃度,3
3237,3%,3
3238,6%,3
3239,佣金,3
3240,返佣,3
3241,将视,3
3242,新开通,3
3243,额外,3
3244,获赠,3
3245,无需,3
3246,偿还,3
3247,开店,3
3248,可享,3
3249,免息,3
3250,资金周转,3
3251,赵鹏,3
3252,形势严峻,3
3253,有增无减,3
3254,跨国,3
3255,责难,3
3256,主会场,3
3257,青州,3
3258,东莞,3
3259,分会场,3
3260,央信,3
3261,存证,3
3262,发展局,3
3263,海东,3
3264,超常规,3
3265,较强,3
3266,依法取缔,3
3267,非法,3
3268,安全监控,3
3269,走向,3
3270,李深根,3
3271,中国足球协会,3
3272,本赛季,3
3273,将分,3
3274,第一阶段,3
3275,赛会,3
3276,支中超,3
3277,山东鲁能队,3
3278,河南建业队,3
3279,大连人,3
3280,富力队,3
3281,上海申花队,3
3282,佳兆业队,3
3283,北京国安队,3
3284,上港队,3
3285,卓尔队,3
3286,天津泰达队,3
3287,华夏,3
3288,黄海,3
3289,永昌,3
3290,中甲,3
3291,二次,3
3292,第三个,3
3293,解散,3
3294,晨曦,3
3295,飞速发展,3
3296,离不开,3
3297,全体会议,3
3298,日为,3
3299,国民经济,3
3300,极其重要,3
3301,富民,3
3302,举足轻重,3
3303,以线,3
3304,崛起,3
3305,在京开幕,3
3306,政要,3
3307,闪烁,3
3308,光芒,3
3309,头脑,3
3310,风暴,3
3311,悲观,3
3312,三驾,3
3313,马车,3
3314,受到冲击,3
3315,波斯尼亚,3
3316,黑塞哥维那,3
3317,总理,3
3318,施瓦茨,3
3319,特聘,3
3320,特科,3
3321,拉古,3
3322,季亚,3
3323,在发言中,3
3324,就业机会,3
3325,迎来,3
3326,再造,3
3327,重组,3
3328,角色,3
3329,繁荣,3
3330,赫尔曼,3
3331,西蒙,3
3332,拥有,3
3333,肥沃,3
3334,土壤,3
3335,将会,3
3336,登上,3
3337,也就是说,3
3338,领导者,3
3339,捍卫,3
3340,局限于,3
3341,走向世界,3
3342,那里,3
3343,市场份额,3
3344,想要,3
3345,竞争者,3
3346,世界各地,3
3347,超越,3
3348,界限,3
3349,韩中,3
3350,天书,3
3351,英国,3
3352,公使衔,3
3353,参赞,3
3354,国际贸易,3
3355,金旭,3
3356,商人,3
3357,桥本,3
3358,结诚,3
3359,李耕豪,3
3360,芬兰,3
3361,科技产业,3
3362,TapaniTuolumen,3
3363,一体化,3
3364,曲线,3
3365,边际,3
3366,南亚,3
3367,中东,3
3368,同新冠,3
3369,长时间,3
3370,今年以来,3
3371,为主,3
3372,营收,3
3373,75%,3
3374,57%,3
3375,可怕,3
3376,倒逼,3
3377,本来,3
3378,刘松,3
3379,演讲,3
3380,而云,3
3381,变成,3
3382,抓住,3
3383,本身,3
3384,源自,3
3385,智能化,3
3386,叠加,3
3387,2030,3
3388,社会形态,3
3389,形态,3
3390,中国建设银行,3
3391,副行长,3
3392,大象,3
3393,跳舞,3
3394,独有,3
3395,世界性,3
3396,放贷,3
3397,改变传统,3
3398,特性,3
3399,小企业,3
3400,平衡,3
3401,坏账,3
3402,率过,3
3403,大中型,3
3404,降低利率,3
3405,天花板,3
3406,永达,3
3407,官鲁野,3
3408,飞鸟,3
3409,视界,3
3410,CEO,3
3411,文中,3
3412,王璞,3
3413,新广,3
3414,金永淑,3
3415,隆盛,3
3416,王卫东,3
3417,冲锋队,3
3418,迎难而上,3
3419,保卫战,3
3420,链路,3
3421,洞察,3
3422,宿宸,3
3423,消极影响,3
3424,平均值,3
3425,化为,3
3426,越高,3
3427,起步,3
3428,负面影响,3
3429,越小,3
3430,微银,3
3431,焦京茹,3
3432,相较,3
3433,受制于人,3
3434,放大,3
3435,遍布,3
3436,最有,3
3437,市井,3
3438,人情,3
3439,烟火,3
3440,气息,3
3441,它们,3
3442,毛细血管,3
3443,中讯,3
3444,高科,3
3445,吴丽芬,3
3446,广西,3
3447,贵港,3
3448,传奇,3
3449,樊海麟,3
3450,高低,3
3451,失败,3
3452,弱小,3
3453,归咎于,3
3454,专利,3
3455,思维,3
3456,频多,3
3457,小黑,3
3458,完美,3
3459,虚拟,3
3460,诸多,3
3461,老龄,3
3462,产业协会,3
3463,酒泉市,3
3464,西部,3
3465,行暨,3
3466,问道,3
3467,戈壁,3
3468,挑战赛,3
3469,向上,3
3470,向善,3
3471,寻访,3
3472,纪念,3
3473,监事长,3
3474,凌云,3
3475,闭幕词,3
3476,集大成,3
3477,系统工程,3
3478,落实政策,3
3479,不单单是,3
3480,独角戏,3
3481,打破,3
3482,玻璃门,3
3483,撤掉,3
3484,弹簧门,3
3485,拆除,3
3486,旋转门,3
3487,门槛,3
3488,授信额度,3
3489,再加,3
3490,点力,3
3491,多年,3
3492,给力,3
3493,生气,3
3494,勇闯,3
3495,重围,3
3496,美式,3
3497,一文,3
3498,揭露,3
3499,自利,3
3500,短见,3
3501,任性,3
3502,低效,3
3503,不负责任,3
3504,悲剧,3
3505,长期存在,3
3506,撕裂,3
3507,恶化,3
3508,深重,3
3509,忽视,3
3510,政客,3
3511,并未,3
3512,反而,3
3513,攫取,3
3514,权力,3
3515,党派,3
3516,示警,3
3517,消耗,3
3518,暴露无遗,3
3519,底层,3
3520,失业率,3
3521,工薪阶层,3
3522,牺牲品,3
3523,无家可归者,3
3524,无处,3
3525,安放,3
3526,移民,3
3527,堪忧,3
3528,揭示,3
3529,愈演愈烈,3
3530,亚裔,3
3531,拉美,3
3532,种族主义,3
3533,暴力事件,3
3534,频发,3
3535,多发,3
3536,明尼苏达州,3
3537,男子,3
3538,乔治,3
3539,弗洛伊德,3
3540,白人,3
3541,暴力,3
3542,致死,3
3543,抗议,3
3544,示威,3
3545,不满,3
3546,愤怒,3
3547,生命权,3
3548,恶意,3
3549,停缴,3
3550,世卫,3
3551,阻碍,3
3552,单边制裁,3
3553,人道精神,3
3554,挥舞,3
3555,霸权,3
3556,大棒,3
3557,四处,3
3558,煽风点火,3
3559,试图,3
3560,转移视线,3
3561,推卸责任,3
3562,严重破坏,3
3563,背离,3
3564,人权法,3
3565,乒乓球赛,3
3566,无限期,3
3567,停摆,3
3568,不过,3
3569,赛场,3
3570,重见,3
3571,英姿,3
3572,或许,3
3573,不远,3
3574,协会主席,3
3575,刘国梁,3
3576,竞技,3
3577,精神状态,3
3578,几度,3
3579,长达,3
3580,队史,3
3581,最长,3
3582,全队,3
3583,期满,3
3584,省队,3
3585,短暂,3
3586,中下旬,3
3587,刺激,3
3588,竞技状态,3
3589,周末,3
3590,身心,3
3591,竞技性,3
3592,趣味性,3
3593,兼具,3
3594,最受,3
3595,单打,3
3596,角逐,3
3597,樊振东,3
3598,马龙,3
3599,许昕,3
3600,牢牢,3
3601,男队,3
3602,三甲,3
3603,女队,3
3604,爆冷门,3
3605,亚军,3
3606,摘得,3
3607,陈梦仅,3
3608,第九位,3
3609,季度,3
3610,国际性,3
3611,公开赛,3
3612,透露,3
3613,第三季度,3
3614,可能性,3
3615,获得成功,3
3616,重新启动,3
3617,德甲,3
3618,决赛,3
3619,上海籍,3
3620,萨尔布吕肯,3
3621,击败,3
3622,巴西,3
3623,卡尔德拉,3
3624,领衔,3
3625,奥克,3
3626,豪森,3
3627,史上,3
3628,赛后,3
3629,奖杯,3
3630,庆祝,3
3631,高手,3
3632,大师赛,3
3633,中国男队,3
3634,波尔,3
3635,首周,3
3636,名将,3
3637,奥恰,3
3638,洛夫,3
3639,两周,3
3640,蝉联,3
3641,桂冠,3
3642,尽管,3
3643,未向,3
3644,配备,3
3645,裁判,3
3646,电视转播,3
3647,强化训练,3
3648,宫崎,3
3649,义仁,3
3650,出售,3
3651,转播权,3
3652,到来,3
3653,之前,3
3654,渐渐,3
3655,球迷,3
3656,视野,3
3657,训练场地,3
3658,第四阶段,3
3659,主办者,3
3660,旅行,3
3661,办赛,3
3662,给出,3
3663,球拍,3
3664,抽签,3
3665,时球,3
3666,台上,3
3667,放置,3
3668,毛巾,3
3669,擦拭,3
3670,器材,3
3671,表面,3
3672,第五,3
3673,提到,3
3674,主办方,3
3675,乘坐,3
3676,可用,3
3677,防范措施,3
3678,生活习惯,3
3679,教练员,3
3680,笑笑,3
3681,多亏,3
3682,15.5,3
3683,中悦,3
3684,何永红,3
3685,机具,3
3686,渤海,3
3687,金融业务,3
3688,几百家,3
3689,陈建民,3
3690,文化娱乐,3
3691,特有,3
3692,弥补,3
3693,设定,3
3694,大厅,3
3695,还好,3
3696,最近,3
3697,生意,3
3698,五谷丰登,3
3699,生态园,3
3700,朱香秀,3
3701,金台,3
3702,保姆,3
3703,瓶颈,3
3704,进社区,3
3705,试点,3
3706,赵鸿宇,3
3707,微生物,3
3708,火眼,3
3709,朱岩梅,3
3710,大学校长,3
3711,季莫,3
3712,普洛斯,3
3713,大使,3
3714,卫生部长,3
3715,王石,3
3716,有望,3
3717,通量,3
3718,密切合作,3
3719,挚友,3
3720,相亲,3
3721,典范,3
3722,希中,3
3723,继续加强,3
3724,卫生事业,3
3725,李晓鹏于,3
3726,帅帅,3
3727,康复者,3
3728,及受,3
3729,35,3
3730,渡过,3
3731,经济体,3
3732,王瑞合,3
3733,答答,3
3734,星球,3
3735,淘宝,3
3736,优酷,3
3737,搜索,3
3738,答题,3
3739,问一问,3
3740,动一动,3
3741,答一答,3
3742,报名,3
3743,屋等,3
3744,国会,3
3745,教育部,3
3746,阿普拉,3
3747,进步,3
3748,利马,3
3749,亚马逊,3
3750,洛莱托,3
3751,大区,3
3752,姑息,3
3753,美洲国家,3
3754,志愿人员,3
3755,圣马科斯,3
3756,秘方,3
3757,中资企业,3
3758,第十一,3
3759,总统,3
3760,斯卡拉,3
3761,互致,3
3762,信函,3
3763,梅里,3
3764,对秘,3
3765,源远流长,3
3766,不再,3
3767,孤军奋战,3
3768,两国关系,3
3769,台阶,3
3770,总指挥,3
3771,塞蒂,3
3772,高度评价,3
3773,本场,3
3774,薄弱,3
3775,看来,3
3776,深受感动,3
3777,地理,3
3778,遥远,3
3779,起点,3
3780,通惠,3
3781,梁顺,3
3782,自觉遵守,3
3783,条例,3
3784,自发,3
3785,必需,3
3786,院区,3
3787,科主任,3
3788,陈晓蓓,3
3789,病原学,3
3790,预防措施,3
3791,武昌区,3
3792,中国共产党,3
3793,王为,3
3794,钢及,3
3795,王子,3
3796,父子,3
3797,跑团,3
3798,邓萍,3
3799,吴煜非,3
3800,母子,3
3801,四名,3
3802,萨莫拉,3
3803,颁发,3
3804,荣誉证书,3
3805,其对秘,3
3806,医务处,3
3807,副处长,3
3808,郭怡,3
3809,刘来昱,3
3810,神经,3
3811,科副,3
3812,永明,3
3813,管理科,3
3814,周浩,3
3815,秘下,3
3816,发起方,3
3817,场合,3
3818,关乎,3
3819,沿着,3
3820,出去,3
3821,拉美地区,3
3822,中拉,3
3823,各界人士,3
3824,卫生部门,3
3825,出席,3
3826,视频录像,3
3827,一个半,3
3828,点半,3
3829,留言板,3
3830,Villa,3
3831,Victoria,3
3832,Surquillo,3
3833,佩拉,3
3834,卫生保健,3
3835,丹尼斯,3
3836,于是,3
3837,扛起,3
3838,点击,3
3839,国家级,3
3840,政企,3
3841,五峰,3
3842,茶农,3
3843,短时间,3
3844,市场化,3
3845,地域,3
3846,保价,3
3847,一站式,3
3848,采买,3
3849,上架,3
3850,购物,3
3851,加上,3
3852,7000,3
3853,日用,3
3854,杂品,3
3855,人工智能,3
3856,位置,3
3857,数据中心,3
3858,新增,3
3859,当前工作,3
3860,流行,3
3861,责任意识,3
3862,接近,3
3863,两天,3
3864,就近,3
3865,固定,3
3866,护理,3
3867,中央空调,3
3868,勤洗手,3
3869,事故,3
3870,通报,3
3871,松懈,3
3872,更换,3
3873,值得注意,3
3874,尽责,3
3875,建筑施工,3
3876,异地,3
3877,科学知识,3
3878,造谣,3
3879,释疑,3
3880,稳定人心,3
3881,集体,3
3882,49,3
3883,科学普及,3
3884,院士,3
3885,攻关项目,3
3886,研究员,3
3887,药学会,3
3888,奋斗,3
3889,艺术作品,3
3890,精神力量,3
3891,日均,3
3892,打包,3
3893,保安,3
3894,收集整理,3
3895,获悉,3
3896,国有,3
3897,如期,3
3898,有限责任,3
3899,健身,3
3900,室内,3
3901,卫健委,3
3902,在内,3
3903,新华社,3
3904,面貌,3
3905,地球村,3
3906,哪个,3
3907,筹备工作,3
3908,坚决贯彻,3
3909,良好形象,3
3910,发挥优势,3
3911,主阵地,3
3912,合规,3
3913,两级,3
3914,3500,3
3915,底数,3
3916,密织,3
3917,督查,3
3918,台账,3
3919,整治,3
3920,快捷,3
3921,积压,3
3922,随机,3
3923,落到实处,3
3924,之中,3
3925,感谢信,3
3926,现在,3
3927,前沿,3
3928,共赢,3
3929,外国,3
3930,伸出,3
3931,之手,3
3932,尊重,3
3933,民族,3
3934,恐慌,3
3935,谣言,3
3936,网络空间,3
3937,文明,3
3938,公开课,3
3939,常规,3
3940,创伤,3
3941,栏目,3
3942,cn,3
3943,小学,3
3944,全体师生,3
3945,的话,3
3946,鼓舞,3
3947,所能,3
3948,相互配合,3
3949,派遣,3
3950,上午,3
3951,争分夺秒,3
3952,手中,3
3953,立即行动,3
3954,捐助,3
3955,照片,3
3956,人居,3
3957,国旗,3
3958,该市,3
3959,700,3
3960,五星红旗,3
3961,面罩,3
3962,背负,3
3963,公斤,3
3964,1400,3
3965,多公里,3
3966,献上,3
3967,留言,3
3968,青山,3
3969,激动,3
3970,日新冠,3
3971,造册,3
3972,进展,3
3973,不易,3
3974,资质,3
3975,第三方,3
3976,进一步提高,3
3977,收支,3
3978,同意,3
3979,放松,3
3980,由衷,3
3981,至今,3
3982,手机,3
3983,坚守岗位,3
3984,常驻,3
3985,专业知识,3
3986,一同,3
3987,坚强,3
3988,第二天,3
3989,企事业,3
3990,64,3
3991,所以,3
3992,战争,3
3993,本职工作,3
3994,英勇,3
3995,行业标准,3
3996,同类,3
3997,公允,3
3998,近亲属,3
3999,回报,3
4000,自愿,3
4001,无偿,3
4002,委托,3
4003,截留,3
4004,行政,3
4005,有权,3
4006,人民法院,3
4007,诉讼,3
4008,警告,3
4009,逾期,3
4010,社会公德,3
4011,刑法,3
4012,境内,3
4013,公安机关,3
4014,经费,3
4015,法规,3
4016,受赠人,3
4017,免征,3
4018,利害关系,3
4019,慈善事业,3
4020,当年,3
4021,财政部,3
4022,国家税务总局,3
4023,信任,3
4024,百度,3
4025,门户网站,3
4026,移动,3
4027,网络平台,3
4028,投诉,3
4029,法人,3
4030,中华人民共和国,3
4031,按规定,3
4032,补贴,3
4033,团体会员,3
4034,国界,3
4035,纳入,3
4036,主管,3
4037,认真学习,3
4038,稳价,3
4039,生产资料,3
4040,产区,3
4041,供货,3
4042,部委,3
4043,焦点,3
4044,1200,3
4045,培育,3
4046,再次,3
4047,重要性,3
4048,打开,3
4049,上传,3
4050,不间断,3
4051,本级,3
4052,1100,3
4053,受理,3
4054,邮寄,3
4055,江西,3
4056,谋划,3
4057,送上,3
4058,月底,3
4059,党组,3
4060,36,3
4061,新疆,3
4062,导演,3
4063,com,3
4064,河南,3
4065,后勤保障,3
4066,理事,3
4067,手套,3
4068,网点,3
4069,药店,3
4070,国药,3
4071,自助,3
4072,疾控中心,3
4073,辟谣,3
4074,结对,3
4075,额温,3
4076,新闻媒体,3
4077,赠送,3
4078,下设,3
4079,代理,3
4080,务工,3
4081,知名,3
4082,理事单位,3
4083,精心组织,3
4084,工商,3
4085,抽调,3
4086,渡过难关,3
4087,长效机制,3
4088,管用,3
4089,建设者,3
4090,群内,3
4091,珍贵,3
4092,视角,3
4093,施工,3
4094,金银,3
4095,报道,3
4096,生产线,3
4097,合肥市,3
4098,安防,3
4099,寄送,3
4100,缺口,3
4101,筹措,3
4102,积极行动,3
4103,农副产品,3
4104,具备,3
4105,停课,3
4106,不停,3
4107,密切联系,3
4108,校内,3
4109,全校师生,3
4110,信念,3
4111,现代,3
4112,驾驶员,3
4113,同心协力,3
4114,乡村,3
4115,海口市,3
4116,初步,3
4117,筹集资金,3
4118,降到,3
4119,包含,3
4120,妇幼保健,3
4121,辅导员,3
4122,北京市委,3
4123,合并,3
4124,感人,3
4125,旅游业,3
4126,旅投,3
4127,学堂,3
4128,5G,3
4129,十里,3
4130,克服困难,3
4131,党委书记,3
4132,跟进,3
4133,红箭,3
4134,宜昌,3
4135,幼儿园,3
4136,注意事项,3
4137,好评,3
4138,更新,3
4139,商品房,3
4140,减半,3
4141,层面,3
4142,残障,3
4143,渝北区,3
4144,周密,3
4145,不忘,3
4146,光缆,3
4147,劳动者,3
4148,总监,3
4149,开展调研,3
4150,各师市,3
4151,严防,3
4152,技巧,3
4153,朝阳,3
4154,海淀,3
4155,个区,3
4156,党群,3
4157,37,3
4158,最美,3
4159,打卡,3
4160,分批,3
4161,市场秩序,3
4162,提高认识,3
4163,工作作风,3
4164,教学资源,3
4165,头等大事,3
4166,外出,3
4167,法学会,3
4168,医疗卫生,3
4169,劝导,3
4170,掌握情况,3
4171,分类,3
4172,爱国卫生,3
4173,入户,3
4174,走村入户,3
4175,主持,3
4176,体检工作,3
4177,场地,3
4178,移友,3
4179,稳岗,3
4180,站点,3
4181,防护用品,3
4182,中国饲料,3
4183,开工率,3
4184,洗染,3
4185,微医,3
4186,辖区,3
4187,婚姻家庭,3
4188,离婚,3
4189,事关,3
4190,公益事业,3
4191,理发师,3
4192,杨伯明,3
4193,迫在眉睫,2
4194,暖流,2
4195,明确要求,2
4196,购代帮,2
4197,购代捐,2
4198,悄然,2
4199,穿针引线,2
4200,扶贫办,2
4201,宣恩,2
4202,阳新,2
4203,化身,2
4204,主播,2
4205,跟随,2
4206,下单,2
4207,一时间,2
4208,带有,2
4209,板栗,2
4210,绿茶,2
4211,散发,2
4212,淡淡,2
4213,花香,2
4214,神农架,2
4215,蜂蜜,2
4216,多款,2
4217,名声大噪,2
4218,网红,2
4219,推销,2
4220,663.8,2
4221,64000,2
4222,总金额,2
4223,397.1,2
4224,直观,2
4225,风土人情,2
4226,降低成本,2
4227,喝彩,2
4228,89,2
4229,集采,2
4230,十堰市,2
4231,地州,2
4232,区县,2
4233,235,2
4234,贫困县,2
4235,大宗,2
4236,发掘,2
4237,小罐,2
4238,销售收入,2
4239,可达,2
4240,茶近,2
4241,1.25,2
4242,田间,2
4243,地头,2
4244,菜篮子,2
4245,盘子,2
4246,分支机构,2
4247,实地考察,2
4248,实战经验,2
4249,帮销,2
4250,许可,2
4251,质量检验,2
4252,保真,2
4253,保质,2
4254,保鲜,2
4255,本着,2
4256,源头,2
4257,思路,2
4258,食堂,2
4259,后厨,2
4260,体验,2
4261,批发,2
4262,拉动,2
4263,央联港,2
4264,盛产,2
4265,四季,2
4266,鲜果,2
4267,产出,2
4268,产地,2
4269,策发,2
4270,已达成,2
4271,余吨,2
4272,销售量,2
4273,转危为安,2
4274,亿多元,2
4275,推介会,2
4276,广告,2
4277,群中,2
4278,荆州,2
4279,6.6,2
4280,38.13,2
4281,智源,2
4282,计算机,2
4283,科学技术,2
4284,流行病,2
4285,隐私,2
4286,相对,2
4287,密切接触,2
4288,管辖,2
4289,库上,2
4290,非商业,2
4291,余建斌,2
4292,警惕,2
4293,暂行,2
4294,十有,2
4295,达标,2
4296,正规渠道,2
4297,来源不明,2
4298,突出重点,2
4299,菜品,2
4300,要查,2
4301,剪艺,2
4302,开业,2
4303,下降,2
4304,美发店,2
4305,交集,2
4306,去过,2
4307,京深,2
4308,今天下午,2
4309,布署,2
4310,天到,2
4311,自疫期,2
4312,严格要求,2
4313,物理,2
4314,隔断,2
4315,异常,2
4316,即时,2
4317,离岗,2
4318,每客,2
4319,配齐,2
4320,装具,2
4321,Kn95,2
4322,科美,2
4323,仪器,2
4324,装置,2
4325,一换,2
4326,废弃物,2
4327,尽量少,2
4328,饮料,2
4329,食物,2
4330,礼品,2
4331,责任制,2
4332,责任事故,2
4333,及时处理,2
4334,陈琳,2
4335,随时随地,2
4336,容不得,2
4337,半点,2
4338,根据上述,2
4339,清洁卫生,2
4340,内外,2
4341,候餐区,2
4342,取餐区,2
4343,结账,2
4344,划设,2
4345,米线,2
4346,密度,2
4347,拉开,2
4348,桌位,2
4349,间隔,2
4350,同桌,2
4351,京报,2
4352,接到,2
4353,调至,2
4354,城管,2
4355,张晓荣,2
4356,6252,2
4357,带头作用,2
4358,挺身而出,2
4359,建设工程,2
4360,勘察,2
4361,监理,2
4362,装饰,2
4363,奋力拼搏,2
4364,莆田,2
4365,前中期,2
4366,两家,2
4367,源源不断,2
4368,3.4,2
4369,8000,2
4370,中国工程院,2
4371,华中农业大学,2
4372,陈焕春,2
4373,省新冠,2
4374,攻关组,2
4375,毒株,2
4376,基因,2
4377,胡志红,2
4378,袁志明,2
4379,中国科学院,2
4380,急性,2
4381,静脉,2
4382,公立,2
4383,470,2
4384,八批,2
4385,艺术类,2
4386,多幅,2
4387,多期,2
4388,摄影家,2
4389,摄影,2
4390,余幅,2
4391,出新,2
4392,上百万,2
4393,政社,2
4394,隔离线,2
4395,1566,2
4396,数千名,2
4397,2.3,2
4398,近万名,2
4399,950,2
4400,105,2
4401,家商,2
4402,分拣,2
4403,搬运,2
4404,安全卫生,2
4405,经纪,2
4406,食宿,2
4407,熟悉,2
4408,扎牢,2
4409,群防,2
4410,群控,2
4411,篱笆,2
4412,行业资讯,2
4413,德成,2
4414,疫中疫,2
4415,市经,2
4416,信局,2
4417,通报会,2
4418,1212,2
4419,581,2
4420,631,2
4421,单车,2
4422,1241,2
4423,609.47,2
4424,631.62,2
4425,万余人次,2
4426,中华全国总工会,2
4427,职工群众,2
4428,随手,2
4429,建成,2
4430,资源整合,2
4431,一盘棋,2
4432,迈入,2
4433,二局,2
4434,中烟,2
4435,宜宾,2
4436,五粮液,2
4437,川庆,2
4438,钻探,2
4439,代表作,2
4440,授予,2
4441,信用社,2
4442,联合社,2
4443,农民工,2
4444,郝勇,2
4445,日于,2
4446,爱好者,2
4447,体育总局,2
4448,体育赛事,2
4449,所指,2
4450,体育运动,2
4451,组织者,2
4452,由此,2
4453,列出,2
4454,十三条,2
4455,应持,2
4456,一周,2
4457,阴性,2
4458,现阶段,2
4459,取消,2
4460,握手礼,2
4461,鞠躬礼,2
4462,中台协,2
4463,鉴于,2
4464,复杂性,2
4465,特殊性,2
4466,允许,2
4467,应为,2
4468,小包装,2
4469,湿巾,2
4470,郑直,2
4471,梁金雄,2
4472,专题研究,2
4473,按下,2
4474,演变,2
4475,大势,2
4476,不会,2
4477,结构,2
4478,内涵,2
4479,李保东,2
4480,无比,2
4481,警醒,2
4482,始终认为,2
4483,多边,2
4484,主义,2
4485,王慧,2
4486,温度,2
4487,吹响,2
4488,320,2
4489,上建效,2
4490,周结,2
4491,厦门日报,2
4492,专版,2
4493,刊登,2
4494,详细情况,2
4495,海内外,2
4496,以外,2
4497,钱物,2
4498,7300,2
4499,撬动,2
4500,高新技术,2
4501,1.1,2
4502,6500,2
4503,4600,2
4504,眼镜,2
4505,420,2
4506,早期,2
4507,33,2
4508,守好,2
4509,遵循,2
4510,事后,2
4511,大排查,2
4512,校外,2
4513,黄雅蓉,2
4514,周俊,2
4515,爱德,2
4516,华裔,2
4517,五大洲,2
4518,121,2
4519,第十期,2
4520,隆美尔,2
4521,切合实际,2
4522,国人,2
4523,团结起来,2
4524,适应,2
4525,新世界,2
4526,南京中医药大学,2
4527,沈佳,2
4528,江苏省,2
4529,康复科,2
4530,刘兰英,2
4531,会后,2
4532,菲方,2
4533,Si,2
4534,En,2
4535,TCM,2
4536,Institute,2
4537,退休,2
4538,儿科医生,2
4539,伊丽莎白,2
4540,离世,2
4541,中药,2
4542,方剂,2
4543,乐仁,2
4544,出版社,2
4545,Pastoral,2
4546,Bible,2
4547,Foundation,2
4548,阿尔贝托,2
4549,因在,2
4550,出版,2
4551,背部,2
4552,胃部,2
4553,顽疾,2
4554,涵盖面,2
4555,之广,2
4556,信息量,2
4557,大都,2
4558,急切,2
4559,盼望,2
4560,圣心,2
4561,详实,2
4562,参会者,2
4563,包容,2
4564,互学,2
4565,传染性,2
4566,世界卫生组织,2
4567,73,2
4568,世界卫生,2
4569,五大,2
4570,人身安全,2
4571,一视同仁,2
4572,侨民,2
4573,二要,2
4574,事实,2
4575,科学论证,2
4576,客观,2
4577,反对,2
4578,三要,2
4579,消除,2
4580,清朗,2
4581,经济秩序,2
4582,四要,2
4583,政党,2
4584,1981,2
4585,致力于,2
4586,国际护士节,2
4587,中科院,2
4588,据悉,2
4589,先期,2
4590,心态,2
4591,三千多名,2
4592,会为,2
4593,档案,2
4594,试运行,2
4595,史占彪,2
4596,复商,2
4597,日常生活,2
4598,有过,2
4599,工作效率,2
4600,红基会,2
4601,3543,2
4602,名因,2
4603,其余,2
4604,每人,2
4605,因抗疫,2
4606,直系亲属,2
4607,我要,2
4608,申请书,2
4609,申请材料,2
4610,anxin,2
4611,psych,2
4612,ac,2
4613,马瑾倩,2
4614,造福,2
4615,中老,2
4616,农冰村,2
4617,回信,2
4618,投身于,2
4619,尽己,2
4620,空前,2
4621,积极探索,2
4622,节点,2
4623,足印,2
4624,急人所急,2
4625,中联部,2
4626,1.73,2
4627,试剂盒,2
4628,提货,2
4629,分装,2
4630,傍晚,2
4631,送交,2
4632,总领事,2
4633,当晚,2
4634,贝尔格莱德,2
4635,布莱,2
4636,西亚,2
4637,贝迪祖雷,2
4638,国际合作部,2
4639,寻找,2
4640,文书,2
4641,295,2
4642,斯里兰卡,2
4643,俄罗斯,2
4644,阿根廷,2
4645,法国,2
4646,墨西哥,2
4647,雪中送炭,2
4648,西班牙,2
4649,巴基斯坦,2
4650,苏里南,2
4651,捐出,2
4652,770,2
4653,飞行,2
4654,可绕,2
4655,地球,2
4656,三圈,2
4657,阳光,2
4658,欧美,2
4659,发达国家,2
4660,大多,2
4661,人口稠密,2
4662,更重,2
4663,至关重要,2
4664,南部,2
4665,省米,2
4666,西拉,2
4667,哈里,2
4668,每隔,2
4669,新添,2
4670,颜色,2
4671,鲜亮,2
4672,西藏,2
4673,善缘,2
4674,拧开,2
4675,水龙头,2
4676,点儿,2
4677,乡镇,2
4678,卫生院,2
4679,180,2
4680,安妮塔,2
4681,库玛里,2
4682,水桶,2
4683,阻止,2
4684,拨出,2
4685,叙利亚,2
4686,边境,2
4687,驻黎,2
4688,分发,2
4689,肥皂,2
4690,卫生用品,2
4691,善行,2
4692,犹如,2
4693,一颗颗,2
4694,珍珠,2
4695,串成,2
4696,光彩夺目,2
4697,援柬,2
4698,一行,2
4699,年龄,2
4700,身经百战,2
4701,一腔热血,2
4702,轮换,2
4703,休整,2
4704,穿着,2
4705,整齐划一,2
4706,肩上,2
4707,格外,2
4708,醒目,2
4709,危难,2
4710,摄氏度,2
4711,高温,2
4712,身穿,2
4713,头戴,2
4714,全封闭,2
4715,最忙,2
4716,汗如雨下,2
4717,鞋子,2
4718,一碗水,2
4719,整整,2
4720,西哈努克,2
4721,省市,2
4722,军营,2
4723,多处,2
4724,总面积,2
4725,159,2
4726,技能,2
4727,复学,2
4728,每到,2
4729,一处,2
4730,刮起,2
4731,蓝色,2
4732,旋风,2
4733,纺织品,2
4734,车里,2
4735,五颜六色,2
4736,堆得,2
4737,一座,2
4738,小山,2
4739,打动,2
4740,自费,2
4741,新鲜,2
4742,水果,2
4743,驻地,2
4744,中文,2
4745,网络媒体,2
4746,遇到困难,2
4747,远亲不如近邻,2
4748,柬埔寨政府,2
4749,内阁,2
4750,国务秘书,2
4751,维希,2
4752,患难与共,2
4753,情义,2
4754,同担,2
4755,前行,2
4756,高烧,2
4757,不止,2
4758,伴有,2
4759,咳嗽,2
4760,胸闷,2
4761,呼吸困难,2
4762,服用,2
4763,抗病毒,2
4764,不见,2
4765,CT,2
4766,开出,2
4767,清热解毒,2
4768,药方,2
4769,黄芪,2
4770,补气,2
4771,艾灸,2
4772,拔罐,2
4773,传来,2
4774,好消息,2
4775,传开,2
4776,疗法,2
4777,司长,2
4778,梅赫梅特,2
4779,菲尔,2
4780,卡莱,2
4781,齐说,2
4782,草药,2
4783,写入,2
4784,本国,2
4785,版新冠,2
4786,860,2
4787,人份,2
4788,清肺,2
4789,排毒,2
4790,肯尼亚,2
4791,母婴,2
4792,婴幼儿,2
4793,发育,2
4794,新生儿,2
4795,提问,2
4796,母亲节,2
4797,出对,2
4798,令人感动,2
4799,深表,2
4800,全程参加,2
4801,非国大,2
4802,妇联,2
4803,梅戈,2
4804,图巴,2
4805,秘诀,2
4806,达肯,2
4807,南中,2
4808,心得,2
4809,王素娟,2
4810,地坛,2
4811,融冰,2
4812,埃及,2
4813,北京协和医院,2
4814,曹锦亚,2
4815,大道,2
4816,无垠,2
4817,无疆,2
4818,谱写,2
4819,篇章,2
4820,暨佩娟,2
4821,符合实际,2
4822,妥善,2
4823,保管,2
4824,严格管理,2
4825,比如,2
4826,进行拍卖,2
4827,艺术家,2
4828,书法,2
4829,字画,2
4830,艺术品,2
4831,拍卖,2
4832,扣除,2
4833,相近,2
4834,内在,2
4835,下列,2
4836,尚未,2
4837,六个月,2
4838,至少,2
4839,前款,2
4840,项所,2
4841,时效性,2
4842,缩短,2
4843,发声,2
4844,图片,2
4845,音频,2
4846,网络新闻,2
4847,去向,2
4848,秘密,2
4849,商业秘密,2
4850,个人隐私,2
4851,住所,2
4852,通讯,2
4853,保密,2
4854,记第,2
4855,获得者,2
4856,早上,2
4857,起床,2
4858,洗漱,2
4859,换上,2
4860,戴好,2
4861,出门,2
4862,马路,2
4863,荣获,2
4864,一刻,2
4865,103,2
4866,竖起,2
4867,大拇指,2
4868,帅气,2
4869,口中,2
4870,待命状态,2
4871,不敢,2
4872,离身,2
4873,片刻,2
4874,生怕,2
4875,错过,2
4876,白天,2
4877,黑夜,2
4878,赶赴现场,2
4879,例外,2
4880,540,2
4881,冲上,2
4882,谈起,2
4883,为何,2
4884,若有所思,2
4885,一切都是,2
4886,机缘巧合,2
4887,2012,2
4888,岷县,2
4889,泥石流,2
4890,打捞,2
4891,遇难者,2
4892,遗体,2
4893,那时,2
4894,忘我精神,2
4895,下定决心,2
4896,飞用,2
4897,字来,2
4898,形容,2
4899,全国一盘棋,2
4900,链子,2
4901,织好,2
4902,杀灭,2
4903,不让,2
4904,深知,2
4905,责任重大,2
4906,位于,2
4907,南环路,2
4908,兰州,2
4909,作业点,2
4910,基本上,2
4911,重中之重,2
4912,思索,2
4913,建设项目,2
4914,坚固,2
4915,志愿队,2
4916,壁垒,2
4917,留给,2
4918,事无巨细,2
4919,往往,2
4920,住处,2
4921,统计数据,2
4922,报表,2
4923,每晚,2
4924,两三个,2
4925,6859,2
4926,160,2
4927,1476,2
4928,托管,2
4929,846.8,2
4930,8689,2
4931,小型,2
4932,客运车辆,2
4933,公务用车,2
4934,繁重,2
4935,很累,2
4936,领头羊,2
4937,日夜,2
4938,奔走,2
4939,为的是,2
4940,老百姓,2
4941,早日,2
4942,一席话,2
4943,坚持下去,2
4944,硬汉,2
4945,虽硬,2
4946,人子,2
4947,今年春节,2
4948,第六个,2
4949,团聚,2
4950,五年,2
4951,除夕,2
4952,五泉,2
4953,大年三十,2
4954,父母,2
4955,完年,2
4956,所有人,2
4957,听到,2
4958,生而,2
4959,无畏,2
4960,细微处,2
4961,发光,2
4962,发热,2
4963,后果,2
4964,合格,2
4965,符合国家,2
4966,也好,2
4967,认证,2
4968,无形资产,2
4969,合法,2
4970,意向书,2
4971,出具,2
4972,拒绝,2
4973,为名,2
4974,营利性,2
4975,地点,2
4976,擅自改变,2
4977,民事,2
4978,三种,2
4979,法律责任,2
4980,滥用,2
4981,提起,2
4982,附加,2
4983,违背,2
4984,最高人民检察院,2
4985,构成犯罪,2
4986,依照,2
4987,定罪,2
4988,处罚,2
4989,管理法,2
4990,公安部门,2
4991,十五日,2
4992,直属,2
4993,海关,2
4994,此类情况,2
4995,侵害,2
4996,家庭成员,2
4997,性质,2
4998,有利于,2
4999,等于,2
5000,总支出,2
5001,最高,2
5002,当然,2
5003,轻松,2
5004,滴滴,2
5005,举报,2
5006,便于,2
5007,发起人,2
5008,实体,2
5009,正当,2
5010,公信力,2
5011,公共利益,2
5012,认定,2
5013,资格证书,2
5014,构成,2
5015,民事法律,2
5016,商务部,2
5017,品质,2
5018,让利,2
5019,消费市场,2
5020,商超,2
5021,下全,2
5022,一季度,2
5023,网购节,2
5024,依然,2
5025,运得,2
5026,人民日报,2
5027,央视,2
5028,特产,2
5029,提供援助,2
5030,中来,2
5031,人文,2
5032,评比,2
5033,善意,2
5034,供销合作,2
5035,仓储,2
5036,东盟,2
5037,调拨,2
5038,万吨,2
5039,磷复肥,2
5040,化解,2
5041,拆解,2
5042,生态环境,2
5043,全国人大,2
5044,9000,2
5045,理事会,2
5046,合作伙伴,2
5047,十分关心,2
5048,筹备,2
5049,之外,2
5050,多场,2
5051,探讨,2
5052,录入,2
5053,东京,2
5054,分钟,2
5055,一年一度,2
5056,换届,2
5057,往年,2
5058,杜绝,2
5059,在家,2
5060,说道,2
5061,齐全,2
5062,计算机用户,2
5063,与此同时,2
5064,细化,2
5065,公文,2
5066,工委,2
5067,体改,2
5068,脱钩,2
5069,省直,2
5070,等级,2
5071,当中,2
5072,变动,2
5073,职责,2
5074,疑难问题,2
5075,149,2
5076,坚实,2
5077,国家广电总局,2
5078,发文,2
5079,该片,2
5080,选取,2
5081,释放,2
5082,广电,2
5083,美好,2
5084,www,2
5085,大员,2
5086,干什么,2
5087,局面,2
5088,永传,2
5089,助残,2
5090,厂家,2
5091,灌装,2
5092,酒桶,2
5093,2200,2
5094,补给,2
5095,87,2
5096,守法,2
5097,器械,2
5098,自救,2
5099,义诊,2
5100,药学,2
5101,科普知识,2
5102,福州市,2
5103,访问,2
5104,老年,2
5105,表率,2
5106,外来,2
5107,务工人员,2
5108,通俗易懂,2
5109,来势汹汹,2
5110,当作,2
5111,主干道,2
5112,公安,2
5113,长汀,2
5114,测量,2
5115,应激,2
5116,剪纸,2
5117,剪纸作品,2
5118,回暖,2
5119,贴近,2
5120,奋力,2
5121,夺取,2
5122,劳资关系,2
5123,法律事务,2
5124,快速通道,2
5125,劳务,2
5126,资源管理,2
5127,信贷资金,2
5128,翘楚,2
5129,招标,2
5130,职务,2
5131,精确,2
5132,精细,2
5133,快车道,2
5134,产业链,2
5135,配套,2
5136,枢纽,2
5137,实惠,2
5138,服务水平,2
5139,宣传单,2
5140,实地,2
5141,青年商会,2
5142,庆典,2
5143,火车站,2
5144,退伍军人,2
5145,策划,2
5146,地标,2
5147,病房,2
5148,加紧,2
5149,赶赴,2
5150,三部,2
5151,创业者,2
5152,机床,2
5153,新闻联播,2
5154,芜湖,2
5155,商务厅,2
5156,考核,2
5157,教材,2
5158,卖难,2
5159,战疫助,2
5160,贫困村,2
5161,收购,2
5162,吸纳,2
5163,安庆,2
5164,舒城县,2
5165,春秋,2
5166,合作社,2
5167,与会代表,2
5168,披云徽府,2
5169,评审,2
5170,工本费,2
5171,宣传教育,2
5172,支持性,2
5173,不留,2
5174,死角,2
5175,商贸,2
5176,维权,2
5177,注重,2
5178,典型人物,2
5179,先进,2
5180,载体,2
5181,支部,2
5182,灵活性,2
5183,足不出户,2
5184,助手,2
5185,第一课,2
5186,新学期,2
5187,爱国,2
5188,之情,2
5189,战役,2
5190,全体同学,2
5191,离家,2
5192,返校,2
5193,自觉,2
5194,硝烟,2
5195,战线,2
5196,微博微信,2
5197,跨省,2
5198,因素,2
5199,返岗,2
5200,港口,2
5201,集运,2
5202,相互,2
5203,难点,2
5204,涨价,2
5205,粮食市场,2
5206,库存,2
5207,供销,2
5208,航运,2
5209,所致,2
5210,制订,2
5211,人民战争,2
5212,平安保险,2
5213,海浦,2
5214,蒙特,2
5215,茶企,2
5216,涉外,2
5217,调动,2
5218,礼包,2
5219,天使,2
5220,通城,2
5221,38,2
5222,通城县,2
5223,嘉兴,2
5224,51,2
5225,把握,2
5226,勇担,2
5227,播放,2
5228,农林,2
5229,科学院,2
5230,远程教育,2
5231,App,2
5232,信息网,2
5233,心血管,2
5234,激励,2
5235,事例,2
5236,融合,2
5237,供应商,2
5238,设施,2
5239,圆满,2
5240,全国工商联,2
5241,华侨城,2
5242,盈科,2
5243,旅大,2
5244,旅豆,2
5245,搜狐,2
5246,文化产业,2
5247,观察,2
5248,共商,2
5249,重树,2
5250,鼓足干劲,2
5251,项目组,2
5252,四大,2
5253,版块,2
5254,精心,2
5255,讲堂,2
5256,申贷,2
5257,黄山,2
5258,风景区,2
5259,著名,2
5260,维度,2
5261,欲晓,2
5262,千方百计,2
5263,中联,2
5264,团委,2
5265,消防,2
5266,新村,2
5267,丰台,2
5268,朝阳区,2
5269,潘家园,2
5270,管理处,2
5271,20000,2
5272,耽误,2
5273,新闻报道,2
5274,模范,2
5275,涌现出,2
5276,先进事迹,2
5277,帮难,2
5278,温馨,2
5279,药业,2
5280,房地产业,2
5281,科学安排,2
5282,轨迹,2
5283,经营者,2
5284,龙湖,2
5285,金科,2
5286,孝感市,2
5287,融创,2
5288,万科,2
5289,32,2
5290,楼盘,2
5291,资讯,2
5292,看房,2
5293,置业,2
5294,洽谈,2
5295,选房,2
5296,购房,2
5297,来电,2
5298,房交会,2
5299,社区服务,2
5300,10.88,2
5301,450,2
5302,群防群治,2
5303,卫生死角,2
5304,婚礼,2
5305,新人,2
5306,文艺作品,2
5307,余条,2
5308,许伟,2
5309,后续,2
5310,自新冠,2
5311,专委会,2
5312,光电,2
5313,物质,2
5314,私营,2
5315,分区,2
5316,市级,2
5317,调查报告,2
5318,发挥作用,2
5319,60%,2
5320,贵博,2
5321,地产,2
5322,3700,2
5323,协会理事,2
5324,贤良,2
5325,出席会议,2
5326,业界,2
5327,网信,2
5328,出来,2
5329,院长,2
5330,360,2
5331,多点,2
5332,资深,2
5333,贝壳,2
5334,找房,2
5335,头条,2
5336,热点,2
5337,报纸,2
5338,通知精神,2
5339,医药产业,2
5340,真实情况,2
5341,工信局,2
5342,责任人,2
5343,放缓,2
5344,民政,2
5345,组和,2
5346,清零,2
5347,负责同志,2
5348,扫描,2
5349,163,2
5350,市安科院,2
5351,安科,2
5352,14000,2
5353,复产为,2
5354,东城,2
5355,保洁,2
5356,专科,2
5357,损伤,2
5358,专家建议,2
5359,睡眠,2
5360,连接,2
5361,交付给,2
5362,华中科技大学,2
5363,医学院,2
5364,急救,2
5365,黄冈市,2
5366,中心医院,2
5367,至此,2
5368,街道社区,2
5369,严守,2
5370,福佑,2
5371,关键时期,2
5372,精心安排,2
5373,结合实际,2
5374,精心策划,2
5375,丰都,2
5376,切断,2
5377,教职工,2
5378,动向,2
5379,正面,2
5380,一封信,2
5381,自动,2
5382,恐惧,2
5383,理性,2
5384,同学,2
5385,下旬,2
5386,打算,2
5387,经营场所,2
5388,居住,2
5389,尽量减少,2
5390,六是,2
5391,对受,2
5392,大厦,2
5393,现有,2
5394,过后,2
5395,矫正,2
5396,咨询电话,2
5397,西城,2
5398,等区,2
5399,工作简报,2
5400,印刷,2
5401,成品,2
5402,第二期,2
5403,邓瑛,2
5404,要点,2
5405,开展调查,2
5406,控系统,2
5407,闻令,2
5408,而动战,2
5409,大力开展,2
5410,更严,2
5411,更实,2
5412,更细,2
5413,认清,2
5414,紧迫性,2
5415,党和政府,2
5416,一体同心,2
5417,转移,2
5418,杀毒,2
5419,勇挑重担,2
5420,专业队伍,2
5421,文龙,2
5422,出动,2
5423,260,2
5424,1939,2
5425,678,2
5426,面对面,2
5427,门诊,2
5428,264,2
5429,筑起,2
5430,防火墙,2
5431,筹款,2
5432,612,2
5433,到区,2
5434,敬老院,2
5435,救助站,2
5436,167,2
5437,美容美发,2
5438,舞蹈家,2
5439,抗疫鼓,2
5440,深夜,2
5441,经信委,2
5442,原液,2
5443,2600,2
5444,工业园区,2
5445,各级党委,2
5446,堡垒作用,2
5447,广州市政府,2
5448,第七届,2
5449,转化,2
5450,提炼,2
5451,一总,2
5452,三团,2
5453,千人,2
5454,总队,2
5455,化解矛盾,2
5456,法律顾问,2
5457,若干,2
5458,问与答,2
5459,律协,2
5460,常见,2
5461,市律协,2
5462,人社,2
5463,金白银,2
5464,时限,2
5465,到期,2
5466,咨询师,2
5467,紧张,2
5468,写字楼,2
5469,余人,2
5470,法律援助,2
5471,疏解,2
5472,技术支持,2
5473,等线,2
5474,多万,2
5475,职场,2
5476,高效能,2
5477,呼声,2
5478,夯实,2
5479,基石,2
5480,切实做好,2
5481,毕业生,2
5482,各大,2
5483,蓝光,2
5484,嘉宝,2
5485,奥园,2
5486,将近,2
5487,藏区,2
5488,劳动力,2
5489,金属材料,2
5490,钢铁,2
5491,石化,2
5492,改造,2
5493,油罐车,2
5494,通畅,2
5495,全省各地,2
5496,用油,2
5497,燃气,2
5498,降价,2
5499,无偿献血,2
5500,向省,2
5501,经信局,2
5502,目录,2
5503,点对点,2
5504,81,2
5505,税务局,2
5506,资源税,2
5507,汇报,2
5508,社会主义,2
5509,工业协会,2
5510,养殖业,2
5511,兽医,2
5512,任组长,2
5513,副组长,2
5514,巩固,2
5515,饲料厂,2
5516,断粮,2
5517,到岗率,2
5518,省区市,2
5519,玉米,2
5520,豆粕,2
5521,贸易商,2
5522,党旗,2
5523,献爱心,2
5524,党日,2
5525,督导员,2
5526,服务员,2
5527,防御,2
5528,长寿区,2
5529,乐善,2
5530,第一道,2
5531,多样化,2
5532,个性化,2
5533,测量体温,2
5534,调解,2
5535,调解法,2
5536,本市,2
5537,专场,2
5538,巴南,2
5539,企航,2
5540,巴南区,2
5541,陈春玖,2
5542,京华,2
5543,北京中医医院,2
5544,输入,2
5545,科七,1
5546,依法治国,1
5547,第三次,1
5548,法等,1
5549,无关,1
5550,堆积,1
5551,不必要,1
5552,浪费,1
5553,抗战,1
5554,劣质,1
5555,到达,1
5556,保质期,1
5557,内且,1
5558,合格证,1
5559,品名,1
5560,规格,1
5561,种类,1
5562,规则,1
5563,发票,1
5564,报关单,1
5565,标明,1
5566,相差,1
5567,固定资产,1
5568,股权,1
5569,文物,1
5570,或经,1
5571,计入,1
5572,权利义务,1
5573,下应,1
5574,情况紧急,1
5575,或线,1
5576,职员,1
5577,子公司,1
5578,控制关系,1
5579,比如说,1
5580,名义,1
5581,纠正,1
5582,抵税,1
5583,替代,1
5584,十万火急,1
5585,接收单位,1
5586,进快,1
5587,走账,1
5588,意愿,1
5589,组织协调,1
5590,呼吸机,1
5591,任何人,1
5592,刑事,1
5593,民事责任,1
5594,违约责任,1
5595,行政责任,1
5596,吊销,1
5597,刑事责任,1
5598,最高人民法院,1
5599,公安部,1
5600,司法部,1
5601,依法惩治,1
5602,妨害,1
5603,违法犯罪,1
5604,司法解释,1
5605,贪污,1
5606,贪污罪,1
5607,侵占罪,1
5608,挪用公款,1
5609,挪用资金,1
5610,从重,1
5611,救灾,1
5612,优抚,1
5613,救济,1
5614,责任人员,1
5615,办理手续,1
5616,国家机关,1
5617,人民团体,1
5618,事业单位,1
5619,证明文件,1
5620,宗旨,1
5621,资金来源,1
5622,账户,1
5623,批准,1
5624,来不及,1
5625,免税,1
5626,被评,1
5627,定为,1
5628,5A,1
5629,函告,1
5630,凭着,1
5631,清单,1
5632,进口关税,1
5633,科五,1
5634,公共财产,1
5635,禁止性,1
5636,所谓,1
5637,原则上,1
5638,方等,1
5639,区别,1
5640,两种,1
5641,单方面,1
5642,能否,1
5643,回答,1
5644,概念,1
5645,提成,1
5646,分红,1
5647,开支,1
5648,工资,1
5649,公积金,1
5650,水电费,1
5651,物业费,1
5652,折旧,1
5653,修理费,1
5654,摊销,1
5655,由此可见,1
5656,只要,1
5657,维持,1
5658,单项,1
5659,20%,1
5660,效益,1
5661,法定,1
5662,从而,1
5663,好地解决,1
5664,科三,1
5665,新华,1
5666,联劝,1
5667,广益,1
5668,联募,1
5669,善源,1
5670,水滴,1
5671,帮帮,1
5672,易宝,1
5673,效用,1
5674,更多地,1
5675,称为,1
5676,民事行为,1
5677,商业活动,1
5678,互相,1
5679,彼此,1
5680,对称,1
5681,交易成本,1
5682,陌生,1
5683,有利,1
5684,丧失,1
5685,损害,1
5686,破坏,1
5687,法对,1
5688,受损,1
5689,高于,1
5690,回避,1
5691,科一,1
5692,2016,1
5693,cishan,1
5694,chinanpo,1
5695,gov,1
5696,中国红十字总会,1
5697,同级,1
5698,申领,1
5699,由该,1
5700,擅自,1
5701,将要,1
5702,处以,1
5703,二十万元,1
5704,罚款,1
5705,可否,1
5706,不乏,1
5707,区分,1
5708,具体内容,1
5709,朋友,1
5710,二十家,1
5711,属性,1
5712,赠与,1
5713,三品,1
5714,一标,1
5715,国家邮政局,1
5716,中国消费者协会,1
5717,一大批,1
5718,大开眼界,1
5719,商品种类,1
5720,多样,1
5721,敞开,1
5722,腰包,1
5723,买买,1
5724,109,1
5725,众多,1
5726,爆发式,1
5727,实体店,1
5728,国家统计局,1
5729,显示,1
5730,去年,1
5731,持平,1
5732,实物,1
5733,零售额,1
5734,5.9%,1
5735,促进作用,1
5736,多重,1
5737,优质产品,1
5738,中国人民大学,1
5739,杨东,1
5740,看得见,1
5741,看不见,1
5742,商家,1
5743,易购,1
5744,家乐福,1
5745,影城,1
5746,PP,1
5747,优质服务,1
5748,即使,1
5749,收投,1
5750,快件,1
5751,亿件,1
5752,工业品,1
5753,下乡,1
5754,进城,1
5755,得出,1
5756,一届,1
5757,专设,1
5758,总台,1
5759,百家,1
5760,晚间,1
5761,日记,1
5762,在央,1
5763,许泽坦,1
5764,郑云波,1
5765,章景志,1
5766,虾肉,1
5767,饱满,1
5768,肉质,1
5769,洪湖,1
5770,口感,1
5771,甘醇,1
5772,口味,1
5773,纯正,1
5774,房县,1
5775,黄酒,1
5776,细嫩,1
5777,清甜,1
5778,踏春,1
5779,而来,1
5780,好物,1
5781,抢购一空,1
5782,创作者,1
5783,43,1
5784,2291,1
5785,二十个,1
5786,全文如下,1
5787,赞誉,1
5788,度过难关,1
5789,趋于稳定,1
5790,流行性,1
5791,敌人,1
5792,战而胜,1
5793,促会于,1
5794,选出,1
5795,优秀,1
5796,有志于,1
5797,83907351,1
5798,姚驭,1
5799,83909672,1
5800,家协会,1
5801,自信,1
5802,上来,1
5803,同战,1
5804,3.38,1
5805,8900,1
5806,棉花,1
5807,生活用品,1
5808,囤积,1
5809,企业名单,1
5810,化肥,1
5811,农药,1
5812,储备,1
5813,备耕,1
5814,工厂化,1
5815,青海,1
5816,发货,1
5817,工信部,1
5818,运力,1
5819,春耕生产,1
5820,再生资源,1
5821,回收,1
5822,废弃,1
5823,电器,1
5824,电子产品,1
5825,上游,1
5826,断供,1
5827,下游,1
5828,延迟,1
5829,部等,1
5830,畜产品,1
5831,食土,1
5832,皮革,1
5833,环资委,1
5834,立法,1
5835,力促,1
5836,兜底,1
5837,上市,1
5838,慎重,1
5839,近来,1
5840,东道国,1
5841,发起国,1
5842,论坛会员,1
5843,衷心感谢,1
5844,重申,1
5845,政商,1
5846,学界,1
5847,之策,1
5848,三场,1
5849,十三届,1
5850,全国政协,1
5851,行政长官,1
5852,何厚铧,1
5853,下半年,1
5854,印证,1
5855,必要性,1
5856,页面,1
5857,报告书,1
5858,财务报告,1
5859,核对,1
5860,必填,1
5861,以前,1
5862,经常,1
5863,真是,1
5864,感慨,1
5865,缩影,1
5866,上班,1
5867,首先,1
5868,一一,1
5869,回复,1
5870,唐晓未,1
5871,每逢,1
5872,开春,1
5873,初夏,1
5874,人来人往,1
5875,络绎不绝,1
5876,设在,1
5877,搬到,1
5878,联系方式,1
5879,强国,1
5880,集聚,1
5881,间断,1
5882,47,1
5883,疑问,1
5884,542,1
5885,来说,1
5886,不用,1
5887,防水,1
5888,曹月娇,1
5889,重要职责,1
5890,依规,1
5891,此项工作,1
5892,透彻,1
5893,明白,1
5894,递交,1
5895,兴民,1
5896,信号,1
5897,民办非,1
5898,网络系统,1
5899,一网通,1
5900,后台,1
5901,结论,1
5902,方便快捷,1
5903,通晓,1
5904,如果说,1
5905,拉近,1
5906,两新,1
5907,难度,1
5908,推开,1
5909,行政处罚,1
5910,寓于,1
5911,频繁,1
5912,不太,1
5913,有时,1
5914,不够,1
5915,到底,1
5916,知晓,1
5917,如是,1
5918,调取,1
5919,查阅,1
5920,档案资料,1
5921,家底,1
5922,运行状况,1
5923,备忘,1
5924,疑惑,1
5925,联席会议,1
5926,欧阳海,1
5927,好风,1
5928,扬帆,1
5929,五型,1
5930,迈出,1
5931,步伐,1
5932,里子,1
5933,厚实,1
5934,刘石,1
5935,出品,1
5936,承制,1
5937,摄制,1
5938,四集,1
5939,三十多家,1
5940,电视,1
5941,农历,1
5942,二月,1
5943,初二,1
5944,个战,1
5945,人性,1
5946,内核,1
5947,无情,1
5948,人间,1
5949,素材,1
5950,涉及面,1
5951,结构紧凑,1
5952,叙述,1
5953,张力,1
5954,有泪点,1
5955,兼顾,1
5956,国际化,1
5957,片中,1
5958,五位,1
5959,海南,1
5960,瓜菜,1
5961,三沙,1
5962,王超,1
5963,现场报道,1
5964,周家,1
5965,第六,1
5966,米尔扎,1
5967,哈木拉提,1
5968,八年,1
5969,澳大利亚人,1
5970,赫瀚,1
5971,秦岭,1
5972,无人区,1
5973,陕西,1
5974,张文庆,1
5975,亲历者,1
5976,见证者,1
5977,满怀希望,1
5978,取得胜利,1
5979,面朝,1
5980,大海,1
5981,春暖花开,1
5982,祝福,1
5983,中广,1
5984,联供,1
5985,jiemugo,1
5986,淘剧购,1
5987,taojutao,1
5988,中国教育电视台,1
5989,湖南卫视,1
5990,黑龙江,1
5991,尽所能,1
5992,政治责任,1
5993,健全,1
5994,后方,1
5995,有钱出钱,1
5996,有物,1
5997,出物,1
5998,出力,1
5999,有智出,1
6000,9.79,1
6001,7.46,1
6002,2.33,1
6003,打仗,1
6004,后勤,1
6005,消耗战,1
6006,考验,1
6007,石竹,1
6008,15400,1
6009,成人,1
6010,尿不湿,1
6011,万多片,1
6012,正月初三,1
6013,放假,1
6014,赶工,1
6015,跑遍,1
6016,闽侯县,1
6017,村落,1
6018,酿制,1
6019,红酒,1
6020,闻名,1
6021,关东,1
6022,关西,1
6023,村近,1
6024,个装,1
6025,买光,1
6026,6456,1
6027,147,1
6028,1267.76,1
6029,181.524,1
6030,防护眼镜,1
6031,6950,1
6032,万双,1
6033,引导员,1
6034,粮企在,1
6035,节日期间,1
6036,10.7,1
6037,米面,1
6038,油及,1
6039,12.7%,1
6040,143,1
6041,龙岩市,1
6042,海华,1
6043,康佰家,1
6044,药房,1
6045,百信,1
6046,泉龙,1
6047,照常营业,1
6048,控股,1
6049,物流配送,1
6050,职业经理,1
6051,开锐,1
6052,MBA,1
6053,968871,1
6054,模块,1
6055,11400,1
6056,58690,1
6057,订阅,1
6058,药师,1
6059,积极关注,1
6060,电机工程,1
6061,找出,1
6062,易于,1
6063,25056,1
6064,家后,1
6065,关键环节,1
6066,左膀右臂,1
6067,一律,1
6068,长乐,1
6069,天朗,1
6070,两委,1
6071,驻村,1
6072,医学观察,1
6073,687,1
6074,746,1
6075,1532,1
6076,泉州,1
6077,台商,1
6078,投资区,1
6079,长者,1
6080,进出,1
6081,出租,1
6082,张坂镇玉,1
6083,塘村,1
6084,百崎乡,1
6085,白奇村,1
6086,村级,1
6087,闽南,1
6088,歌谣,1
6089,接地,1
6090,家时,1
6091,勇敢,1
6092,蓝豹,1
6093,鼓楼区,1
6094,大梦山,1
6095,闽清县,1
6096,坂东镇,1
6097,白中镇,1
6098,莆田市,1
6099,涵江区,1
6100,梧塘镇,1
6101,仙游县,1
6102,长汀县,1
6103,交警,1
6104,环卫,1
6105,动车,1
6106,南站,1
6107,收费站,1
6108,旅客,1
6109,过往,1
6110,多人次,1
6111,突如其来,1
6112,织牢,1
6113,省公安厅,1
6114,福州大学,1
6115,福能,1
6116,入驻,1
6117,政通,1
6118,福建日报,1
6119,东南,1
6120,连日来,1
6121,业内,1
6122,关键时刻,1
6123,讴歌,1
6124,大无畏,1
6125,音乐教育,1
6126,歌曲,1
6127,为什么,1
6128,眼里,1
6129,常含,1
6130,泪水,1
6131,呐喊助威,1
6132,真切,1
6133,祝愿,1
6134,漳浦县,1
6135,刻下,1
6136,勇气,1
6137,27.35,1
6138,关系密切,1
6139,量身,1
6140,汇集,1
6141,视情,1
6142,财务咨询,1
6143,企业财务,1
6144,财政补贴,1
6145,业务管理,1
6146,空中课堂,1
6147,独家,1
6148,特稿,1
6149,解析,1
6150,用人,1
6151,人事代理,1
6152,猎头,1
6153,薪酬,1
6154,福利,1
6155,广东省,1
6156,续贷,1
6157,低成本,1
6158,联络人,1
6159,中坚,1
6160,监事,1
6161,广州地区,1
6162,商业银行,1
6163,保险公司,1
6164,证券,1
6165,金融部门,1
6166,落到,1
6167,困点,1
6168,驶上,1
6169,厂商会,1
6170,援企惠企,1
6171,力求,1
6172,印制,1
6173,一图,1
6174,读懂,1
6175,服务小组,1
6176,文件汇编,1
6177,倾听,1
6178,贴身,1
6179,宣讲会,1
6180,帮困,1
6181,社管局,1
6182,瞬间,1
6183,留存,1
6184,011,1
6185,关闭,1
6186,与众不同,1
6187,谢谢,1
6188,连夜,1
6189,反响,1
6190,人余永黎,1
6191,短短几天,1
6192,走遍,1
6193,汉口,1
6194,老城区,1
6195,黄鹤楼,1
6196,光谷,1
6197,二桥,1
6198,摄像机,1
6199,点点滴滴,1
6200,022,1
6201,七天,1
6202,同吃同住,1
6203,日夜不停,1
6204,032,1
6205,实况,1
6206,两层,1
6207,带上,1
6208,全套,1
6209,胜出,1
6210,难受,1
6211,眼镜片,1
6212,全是,1
6213,水珠,1
6214,好像,1
6215,雾里看花,1
6216,深深,1
6217,赶往,1
6218,开发区,1
6219,风雪,1
6220,不畏,1
6221,严寒,1
6222,此后,1
6223,完毕,1
6224,042,1
6225,天河机场,1
6226,会展中心,1
6227,院内,1
6228,抢救,1
6229,危重病,1
6230,武汉协和医院,1
6231,ICU,1
6232,白衣天使,1
6233,一连,1
6234,三天,1
6235,他守,1
6236,监护室,1
6237,零距离,1
6238,祈祷,1
6239,酷狗,1
6240,网易,1
6241,几百万,1
6242,点击率,1
6243,封城,1
6244,第一天,1
6245,街头,1
6246,从始至终,1
6247,贯穿,1
6248,独立,1
6249,一部,1
6250,七部,1
6251,宣传片,1
6252,音乐片,1
6253,有难,1
6254,匹夫有责,1
6255,一个多月,1
6256,一切,1
6257,值得,1
6258,第二十三,1
6259,断点,1
6260,机械行业,1
6261,98%,1
6262,合锻,1
6263,中央电视台,1
6264,光明日报,1
6265,阻隔,1
6266,量产,1
6267,恒升,1
6268,重型,1
6269,徽菜,1
6270,减免税,1
6271,卫生标准,1
6272,尽心,1
6273,技术人员,1
6274,首期,1
6275,试点班,1
6276,视音频,1
6277,前端,1
6278,安装,1
6279,入侵,1
6280,报警,1
6281,出入口,1
6282,子系统,1
6283,概述,1
6284,防爆,1
6285,安检,1
6286,线缆,1
6287,新颖,1
6288,充实,1
6289,教学质量,1
6290,同仁,1
6291,蚌埠,1
6292,两市,1
6293,送往,1
6294,挤出,1
6295,一部分,1
6296,方便面,1
6297,火腿肠,1
6298,解难,1
6299,潜山县,1
6300,王府,1
6301,大酒店,1
6302,潜山,1
6303,松岭,1
6304,平峰,1
6305,战略目标,1
6306,交换,1
6307,品牌意识,1
6308,企业宣传,1
6309,影响力,1
6310,乡政府,1
6311,养殖户,1
6312,产品推介,1
6313,考察,1
6314,采摘,1
6315,菊花,1
6316,葛根,1
6317,石斛,1
6318,花卉,1
6319,观光,1
6320,批量,1
6321,因受,1
6322,半汤,1
6323,温泉,1
6324,疗养院,1
6325,为援,1
6326,用心,1
6327,烹制,1
6328,凯旋归来,1
6329,简化,1
6330,换发,1
6331,培训班,1
6332,转换,1
6333,本省,1
6334,费及,1
6335,标良,1
6336,首页,1
6337,个民,1
6338,各县,1
6339,企业会员,1
6340,发出通知,1
6341,池州,1
6342,消杀队,1
6343,贵池区,1
6344,工业园,1
6345,白鹰,1
6346,供排水,1
6347,污水,1
6348,处理厂,1
6349,穿透力,1
6350,极强,1
6351,迷雾,1
6352,机对,1
6353,厂区,1
6354,车间,1
6355,办公楼,1
6356,盲区,1
6357,余万,1
6358,平方,1
6359,报批,1
6360,蚂蚁,1
6361,金服,1
6362,网商,1
6363,小额,1
6364,信用贷款,1
6365,培树,1
6366,赶先进,1
6367,尽心尽力,1
6368,尽职尽责,1
6369,打响,1
6370,路线方针,1
6371,两微,1
6372,组织系统,1
6373,统一战线,1
6374,实效,1
6375,体会,1
6376,便捷性,1
6377,党的政策,1
6378,恺尔感统,1
6379,领域专家,1
6380,龙墨,1
6381,面向全国,1
6382,现行,1
6383,参与者,1
6384,真挚,1
6385,谢意,1
6386,场次,1
6387,1.35,1
6388,8.5,1
6389,抓手,1
6390,别开生面,1
6391,共抒,1
6392,爱国情,1
6393,共聚,1
6394,宽阔,1
6395,操场,1
6396,伴随,1
6397,雄壮,1
6398,嘹亮,1
6399,义勇军,1
6400,进行曲,1
6401,鲜艳,1
6402,缓缓,1
6403,升起,1
6404,肃立,1
6405,注目礼,1
6406,心中,1
6407,激荡,1
6408,二班,1
6409,折辉,1
6410,所见所闻,1
6411,全体人员,1
6412,党和国家,1
6413,坚决执行,1
6414,各项规定,1
6415,坚定信念,1
6416,青年人,1
6417,会计,1
6418,一班,1
6419,春晓,1
6420,辛勤,1
6421,感激,1
6422,以身作则,1
6423,言传身教,1
6424,观念,1
6425,共同完成,1
6426,育人,1
6427,北京市委教育工委,1
6428,联络员,1
6429,周宏,1
6430,讲授,1
6431,任重而道远,1
6432,教诲,1
6433,明白人,1
6434,地用,1
6435,道德规范,1
6436,勇于探索,1
6437,升旗,1
6438,积极进取,1
6439,拼搏,1
6440,教师,1
6441,使命感,1
6442,责任感,1
6443,服从,1
6444,纷纷表示,1
6445,勤奋,1
6446,帮手,1
6447,能手,1
6448,两条,1
6449,跨地区,1
6450,见面,1
6451,不得不,1
6452,亲临现场,1
6453,观察期,1
6454,协及,1
6455,同一,1
6456,互为,1
6457,调剂,1
6458,物流业,1
6459,返回,1
6460,365,1
6461,籍贯,1
6462,非会员,1
6463,职能,1
6464,与其,1
6465,谅解,1
6466,担责任,1
6467,解痛,1
6468,捐资,1
6469,粮企,1
6470,市场动态,1
6471,超市,1
6472,农贸市场,1
6473,寒冬,1
6474,人员不足,1
6475,启东,1
6476,立刻,1
6477,象屿,1
6478,合资方,1
6479,壳牌,1
6480,该局,1
6481,21415,1
6482,冬季,1
6483,运出,1
6484,损失惨重,1
6485,扶贫济困,1
6486,优良传统,1
6487,特色产业,1
6488,顺畅,1
6489,衡阳,1
6490,咸宁,1
6491,岛内,1
6492,业委会,1
6493,团购,1
6494,短短的,1
6495,余万斤,1
6496,两难,1
6497,很大,1
6498,各个环节,1
6499,中社,1
6500,个子,1
6501,伤害,1
6502,子项目,1
6503,分阶段,1
6504,进而,1
6505,样板,1
6506,付金友,1
6507,见证,1
6508,中民,1
6509,时代广场,1
6510,护士,1
6511,吴远翔,1
6512,郭建,1
6513,李文海,1
6514,万份,1
6515,全城,1
6516,扩大内需,1
6517,同业公会,1
6518,三千,1
6519,资金短缺,1
6520,收购价格,1
6521,贸促,1
6522,驻华,1
6523,领事馆,1
6524,进出口,1
6525,商法,1
6526,不可抗力,1
6527,事实性,1
6528,商事,1
6529,涉外企业,1
6530,创意,1
6531,多媒体,1
6532,夫妻,1
6533,子女,1
6534,每份,1
6535,多元,1
6536,缺少,1
6537,两台,1
6538,泛雅,1
6539,福田区,1
6540,园岭,1
6541,八角楼,1
6542,托养,1
6543,中部,1
6544,战区,1
6545,家庭教育,1
6546,四次,1
6547,吹鼓手,1
6548,简报,1
6549,各支部,1
6550,速递,1
6551,附送,1
6552,家书,1
6553,援建,1
6554,二期工程,1
6555,缓交,1
6556,科创,1
6557,大展,1
6558,大中小学生,1
6559,宅家,1
6560,优秀作品,1
6561,监制,1
6562,动画,1
6563,感人至深,1
6564,广为,1
6565,中日友好医院,1
6566,莹莹,1
6567,大年初二,1
6568,影片,1
6569,样本,1
6570,必修课,1
6571,七步,1
6572,手法,1
6573,军事科学院,1
6574,中国气象局,1
6575,气象,1
6576,影视,1
6577,预报,1
6578,实用,1
6579,组织部,1
6580,运维,1
6581,教育网,1
6582,智农,1
6583,促生产,1
6584,京科,1
6585,惠农,1
6586,大讲堂,1
6587,小鹅通,1
6588,互联,1
6589,解放军总医院,1
6590,研究生,1
6591,心内科,1
6592,呼吸科,1
6593,急诊科,1
6594,COVID,1
6595,临床教学,1
6596,疑难病症,1
6597,纪录,1
6598,神舟,1
6599,嫦娥,1
6600,国防,1
6601,科技人员,1
6602,画面,1
6603,待战,1
6604,评优,1
6605,电影,1
6606,摄制组,1
6607,余部,1
6608,专题片,1
6609,报到,1
6610,在职,1
6611,到家,1
6612,一是化,1
6613,危为机,1
6614,商业模式,1
6615,联网,1
6616,推广应用,1
6617,智业,1
6618,中国联通,1
6619,同程,1
6620,斯维登,1
6621,位文,1
6622,联通,1
6623,旅游网,1
6624,爱奇艺,1
6625,斗鱼,1
6626,虎牙,1
6627,百万,1
6628,经济网,1
6629,品橙,1
6630,休闲,1
6631,旅界,1
6632,执惠,1
6633,劲旅,1
6634,摄影网,1
6635,时政,1
6636,峰物,1
6637,优选,1
6638,鼎力支持,1
6639,论道,1
6640,共谋,1
6641,华侨城集团,1
6642,姚军,1
6643,投融资,1
6644,规划设计,1
6645,文化遗产,1
6646,活化,1
6647,厕所,1
6648,上化,1
6649,起为,1
6650,齐心,1
6651,从前,1
6652,孕育,1
6653,转机,1
6654,动能,1
6655,化等,1
6656,斗志,1
6657,昂扬,1
6658,姿态,1
6659,迎接,1
6660,激活,1
6661,各省市,1
6662,意在,1
6663,化危,1
6664,为机,1
6665,努力实现,1
6666,表态,1
6667,十项,1
6668,能为,1
6669,饕餮,1
6670,盛宴,1
6671,精心设计,1
6672,对文旅,1
6673,中国民生银行,1
6674,总行,1
6675,事业部,1
6676,战冬梅,1
6677,博士,1
6678,虚拟现实,1
6679,游览,1
6680,发展势头,1
6681,迅猛,1
6682,而疫后,1
6683,游客,1
6684,山岳,1
6685,党工委,1
6686,章德辉,1
6687,涞水县,1
6688,野三坡,1
6689,树起,1
6690,四川省人民政府,1
6691,文史馆,1
6692,馆员,1
6693,秦福荣,1
6694,中国旅游协会,1
6695,张树民,1
6696,途家,1
6697,及斯维登,1
6698,罗军,1
6699,梅向荣,1
6700,伟光,1
6701,汇通,1
6702,王军,1
6703,中国中央电视台,1
6704,舞美,1
6705,灯光,1
6706,设计师,1
6707,光影,1
6708,中视,1
6709,首席专家,1
6710,国军,1
6711,等文,1
6712,拉升,1
6713,解构,1
6714,自然,1
6715,山水,1
6716,古镇,1
6717,游乐,1
6718,指明方向,1
6719,网红带,1
6720,新奇,1
6721,开眼界,1
6722,有条不紊,1
6723,精神面貌,1
6724,标杆,1
6725,莫道,1
6726,君行,1
6727,踏遍,1
6728,人未,1
6729,风景,1
6730,这边,1
6731,独好,1
6732,及文旅,1
6733,新篇章,1
6734,国信,1
6735,支队,1
6736,宛平,1
6737,王佐镇,1
6738,大井,1
6739,红狮,1
6740,外国语,1
6741,康助,1
6742,活动中心,1
6743,德才,1
6744,惠新里,1
6745,永定河,1
6746,松榆里,1
6747,陶县,1
6748,现金,1
6749,61.3,1
6750,外科,1
6751,23500,1
6752,KN95,1
6753,16000,1
6754,98,1
6755,东铁营,1
6756,七条,1
6757,大红门,1
6758,苗圃,1
6759,石榴园,1
6760,太平桥,1
6761,首威,1
6762,地毯式,1
6763,夺回来,1
6764,稳中有进,1
6765,稳中见,1
6766,指挥,1
6767,会刊,1
6768,树立典型,1
6769,鼓舞人心,1
6770,测温仪,1
6771,万余只,1
6772,委和市,1
6773,410,1
6774,金牧锦扬,1
6775,知识讲座,1
6776,房屋,1
6777,民法,1
6778,正确处理,1
6779,传统美德,1
6780,民警,1
6781,解囊相助,1
6782,庆铃,1
6783,登康,1
6784,口腔,1
6785,盛世,1
6786,格力电器,1
6787,净化器,1
6788,2400,1
6789,余台,1
6790,陪都,1
6791,3024.8,1
6792,采取有效,1
6793,郑重,1
6794,内部人员,1
6795,节前,1
6796,节后,1
6797,出渝入,1
6798,经济损失,1
6799,房东,1
6800,孝感,1
6801,碧桂园,1
6802,弘阳,1
6803,恒大,1
6804,华宇,1
6805,我市,1
6806,采纳,1
6807,远洋,1
6808,详尽,1
6809,产后,1
6810,监管部门,1
6811,乐居网,1
6812,82,1
6813,沙盘,1
6814,房源,1
6815,购房者,1
6816,39751,1
6817,16708,1
6818,15750,1
6819,交易会,1
6820,4.21,1
6821,拥军优属,1
6822,华侨,1
6823,家共,1
6824,8782.37,1
6825,6.34,1
6826,中以,1
6827,而出,1
6828,为例,1
6829,专业技能,1
6830,杭州,1
6831,室内环境,1
6832,净化,1
6833,三级,1
6834,浦东新区,1
6835,幸福家庭,1
6836,热线电话,1
6837,乐爱,1
6838,范斌,1
6839,齐战疫,1
6840,19000,1
6841,1520,1
6842,29400,1
6843,423.15,1
6844,526.88,1
6845,10.34,1
6846,顾大局,1
6847,中尽己,1
6848,180.98,1
6849,双凤桥,1
6850,383,1
6851,全自动,1
6852,血分,1
6853,凝析,1
6854,39510,1
6855,8530,1
6856,375,1
6857,46,1
6858,温度计,1
6859,支及,1
6860,消毒水,1
6861,区桂湖,1
6862,广泛性,1
6863,联系群众,1
6864,敏感性,1
6865,牢筑密,1
6866,物业公司,1
6867,派发,1
6868,婚庆,1
6869,改期,1
6870,违约金,1
6871,对外贸易,1
6872,戏剧,1
6873,曲艺家,1
6874,作家协会,1
6875,美术家,1
6876,诗词,1
6877,快板,1
6878,振奋精神,1
6879,鼓舞斗志,1
6880,区益,1
6881,失独,1
6882,发送,1
6883,短信,1
6884,5.57,1
6885,计生,1
6886,特扶,1
6887,高龄,1
6888,独居,1
6889,购菜,1
6890,配药,1
6891,取药,1
6892,区恩三,1
6893,量身定做,1
6894,温育,1
6895,梁到,1
6896,高学东,1
6897,陪同,1
6898,温育梁,1
6899,令人瞩目,1
6900,成绩,1
6901,组织性,1
6902,规范化,1
6903,管理水平,1
6904,北京市总工会,1
6905,蒋文云,1
6906,审计,1
6907,审计工作,1
6908,经得起,1
6909,集中力量,1
6910,好事,1
6911,210,1
6912,4110,1
6913,3788,1
6914,敢于,1
6915,深切,1
6916,以表,1
6917,以示,1
6918,之初,1
6919,钱款,1
6920,重重困难,1
6921,情系,1
6922,富通,1
6923,亨通,1
6924,飞凯,1
6925,段志刚,1
6926,412800,1
6927,长飞,1
6928,光纤,1
6929,烽火,1
6930,凯乐,1
6931,高分子,1
6932,中广核,1
6933,拓普,1
6934,电信,1
6935,康泰,1
6936,塑料,1
6937,道义,1
6938,分级,1
6939,志同,1
6940,工行,1
6941,建行,1
6942,农行,1
6943,六家,1
6944,深入调查,1
6945,深入开展,1
6946,19754,1
6947,个私,1
6948,参考价值,1
6949,理想,1
6950,名誉会长,1
6951,金山,1
6952,佳仙,1
6953,曙光,1
6954,都市,1
6955,公共服务,1
6956,叶锦为,1
6957,25000,1
6958,刘明,1
6959,森为,1
6960,闭环,1
6961,中冶,1
6962,涪陵,1
6963,房产,1
6964,主任委员,1
6965,研究者,1
6966,参谋,1
6967,推动者,1
6968,为战,1
6969,特别强调,1
6970,短期,1
6971,可控,1
6972,在线教育,1
6973,电子政务,1
6974,无人,1
6975,主动权,1
6976,深入探讨,1
6977,字节,1
6978,跳动,1
6979,总编辑,1
6980,张辅评,1
6981,官杜,1
6982,跃进,1
6983,数据管理,1
6984,灾备,1
6985,郑光魁,1
6986,合伙人,1
6987,任中伟,1
6988,黄林莉,1
6989,事务部,1
6990,徐辉,1
6991,韩伟,1
6992,汤学黎,1
6993,俊杰,1
6994,新华网,1
6995,光明网,1
6996,传播学院,1
6997,传媒大学,1
6998,政策法规,1
6999,新疆生产建设兵团,1
7000,兵民函,1
7001,另一方,1
7002,切实加强,1
7003,一报,1
7004,双送,1
7005,限时,1
7006,王国福,1
7007,夏木西,1
7008,努尔,1
7009,按时,1
7010,电子版,1
7011,盖章,1
7012,下班,1
7013,联系人,1
7014,18999160127,1
7015,btmzshswc,1
7016,传真,1
7017,0991,1
7018,2896406,1
7019,大旗,1
7020,隆重推出,1
7021,微战疫,1
7022,精品,1
7023,荣誉出品,1
7024,个微,1
7025,课件,1
7026,电气,1
7027,电动,1
7028,自行车,1
7029,化学品,1
7030,消防安全,1
7031,素材资料,1
7032,紧跟,1
7033,最新进展,1
7034,多角度,1
7035,教程,1
7036,辨别,1
7037,真假,1
7038,大全,1
7039,上千,1
7040,题为,1
7041,科协,1
7042,理论,1
7043,驱车,1
7044,昌平,1
7045,复产及,1
7046,10000,1
7047,发给,1
7048,转发给,1
7049,自从,1
7050,卫生工作者,1
7051,义无反顾,1
7052,忘我工作,1
7053,张雁灵,1
7054,将军,1
7055,大年初一,1
7056,早晨,1
7057,奉命,1
7058,出征,1
7059,组派,1
7060,海外华人,1
7061,千余名,1
7062,学科,1
7063,董家,1
7064,十余家,1
7065,全天候,1
7066,不畏艰险,1
7067,身患,1
7068,渐冻症,1
7069,交通事故,1
7070,重伤,1
7071,干部职工,1
7072,领会,1
7073,由委,1
7074,机关党委,1
7075,这项,1
7076,散布,1
7077,感控,1
7078,急危重症,1
7079,ECMO,1
7080,病毒感染,1
7081,心肌,1
7082,心律失常,1
7083,肝脏,1
7084,系统疾病,1
7085,答问,1
7086,支招,1
7087,广泛传播,1
7088,6.3,1
7089,大夫,1
7090,爱肝,1
7091,三八妇女节,1
7092,青光眼,1
7093,宣传周,1
7094,宣传司,1
7095,战队,1
7096,战疫全,1
7097,原创,1
7098,总流量,1
7099,5.2,1
7100,元宵,1
7101,佳节,1
7102,救护,1
7103,晚会,1
7104,993.8,1
7105,点击数,1
7106,1133.3,1
7107,金蝶,1
7108,泰国,1
7109,天丝,1
7110,明星,1
7111,从我做起,1
7112,图雅诺,1
7113,装配,1
7114,红安县,1
7115,亚心,1
7116,华润,1
7117,武钢,1
7118,鄂州市,1
7119,随县,1
7120,湖北省人民医院,1
7121,废物,1
7122,转运,1
7123,凝智聚,1
7124,力克,1
7125,上级指示,1
7126,191.3,1
7127,97.7,1
7128,202.2,1
7129,争当,1
7130,以身,1
7131,垂范,1
7132,模范带头,1
7133,龙岗,1
7134,卡点,1
7135,铜墙铁壁,1
7136,食品药品,1
7137,诊所,1
7138,营业,1
7139,12.4,1
7140,区住,1
7141,建委,1
7142,208,1
7143,为区,1
7144,中小学,1
7145,3200,1
7146,向区,1
7147,各镇,1
7148,2102,1
7149,6562,1
7150,中医药学会,1
7151,政策优惠,1
7152,工资待遇,1
7153,肉蛋,1
7154,奶等,1
7155,供需平衡,1
7156,物价,1
7157,继续抓好,1
7158,保平安,1
7159,统一安排,1
7160,理清,1
7161,工作思路,1
7162,三深,1
7163,三实,1
7164,12345,1
7165,3810,1
7166,全员,1
7167,遗漏,1
7168,入校,1
7169,五个,1
7170,流程图,1
7171,上下,1
7172,酉阳,1
7173,师生员工,1
7174,制和零,1
7175,积极主动,1
7176,社会秩序,1
7177,仪表,1
7178,开州区,1
7179,巨龙,1
7180,中等职业,1
7181,技术学校,1
7182,热点问题,1
7183,铜梁,1
7184,YN,1
7185,校园,1
7186,摸排,1
7187,3659,1
7188,315,1
7189,不良,1
7190,困惑,1
7191,龙门,1
7192,职业中学,1
7193,用爱为,1
7194,受伤,1
7195,声援,1
7196,文艺,1
7197,常识,1
7198,难忘,1
7199,张脸,1
7200,黔江,1
7201,改编,1
7202,妹住,1
7203,十三,1
7204,丰都县,1
7205,女子,1
7206,高级中学,1
7207,教学秩序,1
7208,实事求是,1
7209,因地制宜,1
7210,一校,1
7211,一策,1
7212,适度,1
7213,育才,1
7214,齐聚,1
7215,网络资源,1
7216,录播,1
7217,筛选,1
7218,城建,1
7219,技校,1
7220,VS,1
7221,常用,1
7222,年级,1
7223,教学班,1
7224,1105,1
7225,752,1
7226,立信,1
7227,班级,1
7228,解疑,1
7229,答惑,1
7230,眼保健操,1
7231,健身操,1
7232,寓教于乐,1
7233,教学效果,1
7234,复产微,1
7235,下步,1
7236,装修,1
7237,奶业,1
7238,杨晓光,1
7239,仅省,1
7240,42,1
7241,2.09,1
7242,天然,1
7243,六个,1
7244,当地政府,1
7245,深入细致,1
7246,卫生防护,1
7247,流动,1
7248,复产前,1
7249,安全事故,1
7250,造假,1
7251,售假,1
7252,以次充好,1
7253,不法行为,1
7254,减收,1
7255,相继,1
7256,紧密配合,1
7257,合理安排,1
7258,拟订,1
7259,所住,1
7260,上班时间,1
7261,安贞,1
7262,如实,1
7263,长新,1
7264,值班人员,1
7265,13000,1
7266,余元,1
7267,202,1
7268,户口,1
7269,划分,1
7270,揭牌,1
7271,中闻,1
7272,年轻,1
7273,另有,1
7274,最高检,1
7275,退休干部,1
7276,已达,1
7277,221,1
7278,充足,1
7279,田村,1
7280,手帕,1
7281,南街,1
7282,沙滩,1
7283,东华门,1
7284,裕民,1
7285,路站,1
7286,九场,1
7287,充分准备,1
7288,田村路,1
7289,站长,1
7290,刘雅清,1
7291,副校长,1
7292,该校,1
7293,见字,1
7294,如面,1
7295,信件,1
7296,一堂,1
7297,并分,1
7298,两批,1
7299,商讨,1
7300,司法局,1
7301,赞扬,1
7302,法学,1
7303,离退休,1
7304,干部局,1
7305,高检院,1
7306,敬老,1
7307,爱老,1
7308,对内,1
7309,内刊,1
7310,编审,1
7311,接着,1
7312,组稿,1
7313,创建,1
7314,张佳鑫,1
7315,罗旭,1
7316,心声,1
7317,北京邮电大学,1
7318,心理素质,1
7319,张平,1
7320,人际关系,1
7321,共情,1
7322,众合,1
7323,马阳,1
7324,春藤,1
7325,李敬,1
7326,文创,1
7327,实践经验,1
7328,中华预防医学会,1
7329,12320,1
7330,每人每天,1
7331,辗转,1
7332,心理学家,1
7333,精神科,1
7334,隔天,1
7335,编写教材,1
7336,第一版,1
7337,审稿,1
7338,录音,1
7339,后期制作,1
7340,后备,1
7341,助理,1
7342,专班,1
7343,宣教,1
7344,组中,1
7345,健教,1
7346,专业培训,1
7347,三期,1
7348,70,1
7349,188275,1
7350,拨打,1
7351,调适,1
7352,日到,1
7353,自测,1
7354,15487,1
7355,4941,1
7356,每周,1
7357,需求者,1
7358,礼堂,1
7359,党组书记,1
7360,局长,1
7361,王福军,1
7362,调研员,1
7363,李又文,1
7364,处处长,1
7365,印锐,1
7366,焦杨,1
7367,该场,1
7368,采取措施,1
7369,总体方案,1
7370,吃劲,1
7371,正月初二,1
7372,次日,1
7373,前夕,1
7374,未有,1
7375,版本,1
7376,修订,1
7377,职能部门,1
7378,企援,1
7379,转达,1
7380,福利彩票,1
7381,公益金,1
7382,1800,1
7383,潜能,1
7384,品牌优势,1
7385,暖社,1
7386,编印,1
7387,经验总结,1
7388,复制,1
7389,家具行业,1
7390,游戏,1
7391,新闻办,1
7392,通气会,1
7393,一整套,1
7394,宣传册,1
7395,一身,1
7396,由市,1
7397,常年,1
7398,可视,1
7399,集约化,1
7400,众筹,1
7401,债务,1
7402,走上,1
7403,长效,1
7404,专家团,1
7405,周一,1
7406,周五,1
7407,上春招,1
7408,稳岗揽,1
7409,复产暖企,1
7410,核算,1
7411,答复,1
7412,后顾之忧,1
7413,减费,1
7414,暖活,1
7415,脉搏,1
7416,内需,1
7417,稳外,1
7418,助企赢,1
7419,联合推出,1
7420,八大,1
7421,本续,1
7422,弹性,1
7423,付息,1
7424,见效,1
7425,内设,1
7426,以此,1
7427,现将,1
7428,你们,1
7429,日有,1
7430,注销,1
7431,服务网,1
7432,天府,1
7433,通办,1
7434,申报材料,1
7435,法定条件,1
7436,个别,1
7437,次要,1
7438,欠缺,1
7439,申请事项,1
7440,容缺,1
7441,申请人,1
7442,先行,1
7443,补交,1
7444,据实,1
7445,足额,1
7446,确因,1
7447,被迫,1
7448,终止,1
7449,财政部门,1
7450,支付,1
7451,教学模式,1
7452,项目管理,1
7453,内生,1
7454,净资产,1
7455,开办,1
7456,最迟,1
7457,抽查,1
7458,顺延,1
7459,换证,1
7460,情形,1
7461,核准,1
7462,核名,1
7463,通知书,1
7464,无须,1
7465,单独,1
7466,直至,1
7467,商业地产,1
7468,同等条件,1
7469,808,1
7470,1260,1
7471,捐献者,1
7472,协调员,1
7473,移植,1
7474,热线服务,1
7475,周二,1
7476,周日,1
7477,认证咨询,1
7478,正规,1
7479,威胁,1
7480,铺天盖地,1
7481,轰炸,1
7482,失眠,1
7483,抑郁,1
7484,极端,1
7485,创新能力,1
7486,经受,1
7487,大考,1
7488,各条,1
7489,公共交通,1
7490,极度,1
7491,防治所,1
7492,近百家,1
7493,140,1
7494,多批,1
7495,乳胶手套,1
7496,喷壶,1
7497,等等,1
7498,瞩目,1
7499,住宅,1
7500,五类,1
7501,公共建筑,1
7502,马上,1
7503,转化成,1
7504,全文,1
7505,安杰,1
7506,数百万,1
7507,红外,1
7508,高精度,1
7509,安检门,1
7510,人流量,1
7511,尽可能减少,1
7512,配置,1
7513,技术手段,1
7514,集控,1
7515,车场,1
7516,EBA,1
7517,平安,1
7518,天眼,1
7519,一览无余,1
7520,先进人物,1
7521,协作网,1
7522,381,1
7523,万条,1
7524,数以千计,1
7525,七是,1
7526,为线,1
7527,远程教学,1
7528,教研,1
7529,金钥匙,1
7530,培训基地,1
7531,培训中心,1
7532,铸造,1
7533,之师,1
7534,实训,1
7535,筹谋,1
7536,共进,1
7537,局中,1
7538,探寻,1
7539,下属单位,1
7540,杂志社,1
7541,中物,1
7542,研协,1
7543,建言,1
7544,经营策略,1
7545,多维度,1
7546,八是,1
7547,收回,1
7548,4803,1
7549,36450,1
7550,建设部,1
7551,增值税,1
7552,九是,1
7553,产学研,1
7554,就业指导,1
7555,双选会,1
7556,校企,1
7557,十是,1
7558,更要,1
7559,肩负起,1
7560,长城,1
7561,蔬送,1
7562,4000,1
7563,莲花白,1
7564,50000,1
7565,4.8,1
7566,万斤,1
7567,网等,1
7568,深度,1
7569,青稞,1
7570,青苗,1
7571,牵手,1
7572,公益活动,1
7573,需求量,1
7574,面广,1
7575,贫困人口,1
7576,电视电话会议,1
7577,回升,1
7578,72,1
7579,操作规程,1
7580,时段,1
7581,分散式,1
7582,供餐,1
7583,免除,1
7584,所欠,1
7585,入会,1
7586,钢材,1
7587,行情,1
7588,钢铁行业,1
7589,新规,1
7590,解决方案,1
7591,宏观,1
7592,徽商,1
7593,金属,1
7594,诗歌,1
7595,窗外,1
7596,哥哥,1
7597,庐阳经,1
7598,开区,1
7599,填报,1
7600,大部分,1
7601,中化,1
7602,中海油,1
7603,点及,1
7604,服务区,1
7605,除去,1
7606,维修,1
7607,95%,1
7608,不论是,1
7609,管制,1
7610,六武,1
7611,长岭,1
7612,通往,1
7613,全站,1
7614,生活必需品,1
7615,各站,1
7616,脱销,1
7617,菜农,1
7618,搭起,1
7619,连心桥,1
7620,提早,1
7621,发售,1
7622,全线出击,1
7623,夜间,1
7624,叫醒,1
7625,送油,1
7626,至省,1
7627,价格政策,1
7628,实质,1
7629,用气,1
7630,短途运输,1
7631,红利,1
7632,团员,1
7633,港华,1
7634,安庆市,1
7635,中国化,1
7636,工信,1
7637,名录,1
7638,国家药监局,1
7639,列明,1
7640,地址,1
7641,供省,1
7642,生产能力,1
7643,停工,1
7644,工信厅,1
7645,高新区,1
7646,呈文,1
7647,转报,1
7648,列入,1
7649,甘草酸,1
7650,二铵,1
7651,医保,1
7652,科技厅,1
7653,发送至,1
7654,贝克,1
7655,医工,1
7656,飞龙,1
7657,科马,1
7658,营养,1
7659,保健食品,1
7660,化妆品,1
7661,宣城市,1
7662,柏维力,1
7663,生物工程,1
7664,不减,1
7665,拓弘,1
7666,功能性,1
7667,易口,1
7668,满负荷,1
7669,产销两旺,1
7670,华测,1
7671,万余,1
7672,乔康,1
7673,久航,1
7674,矿业,1
7675,财政厅,1
7676,税目,1
7677,汇报情况,1
7678,利用微,1
7679,并用,1
7680,足用,1
7681,编撰,1
7682,对美,1
7683,加征,1
7684,关税,1
7685,排除,1
7686,航空,1
7687,水运,1
7688,铁路,1
7689,中欧,1
7690,货运,1
7691,班列,1
7692,报关,1
7693,清关,1
7694,哨兵,1
7695,携手并肩,1
7696,织密筑,1
7697,光荣,1
7698,硬核,1
7699,微信常,1
7700,派送,1
7701,代买,1
7702,代办,1
7703,不隔,1
7704,百余,1
7705,大批,1
7706,重塑,1
7707,品牌形象,1
7708,权益日,1
7709,共治,1
7710,消保委,1
7711,十条,1
7712,崇尚,1
7713,每位,1
7714,孤寡老人,1
7715,特困,1
7716,对能,1
7717,当场,1
7718,心坎,1
7719,裁员,1
7720,迅速开展,1
7721,植绿,1
7722,补种,1
7723,绿化,1
7724,养护,1
7725,家园,1
7726,机动车辆,1
7727,英明领导,1
7728,祖国,1
7729,优越性,1
7730,爱岗敬业,1
7731,机动车,1
7732,早晚,1
7733,人际,1
7734,监管局,1
7735,国实,1
7736,业务培训,1
7737,检车,1
7738,同心,1
7739,共抗,1
7740,运不出,1
7741,回不来,1
7742,紧急行动,1
7743,入位,1
7744,密切配合,1
7745,部党组,1
7746,王宗礼,1
7747,时建忠,1
7748,聂善明,1
7749,信息中心,1
7750,值班室,1
7751,两手硬,1
7752,多份,1
7753,跟踪调查,1
7754,万家,1
7755,着急,1
7756,更急,1
7757,早于,1
7758,养殖,1
7759,饲料鸡,1
7760,饿死,1
7761,协商,1
7762,终于,1
7763,饲易购,1
7764,上下游,1
7765,嘉吉,1
7766,致函,1
7767,进不来,1
7768,出不去,1
7769,外省,1
7770,封村,1
7771,封路,1
7772,亿只,1
7773,生死考验,1
7774,司机,1
7775,有鉴于此,1
7776,专用,1
7777,群等,1
7778,按日,1
7779,245,1
7780,重灾区,1
7781,最为,1
7782,吉林省,1
7783,内蒙古自治区,1
7784,山东省,1
7785,河南省,1
7786,多万吨,1
7787,压倒一切,1
7788,开工,1
7789,99%,1
7790,85%,1
7791,88%,1
7792,明显好转,1
7793,合同法,1
7794,价格法,1
7795,分摊,1
7796,上涨,1
7797,撕毁合同,1
7798,串通,1
7799,产品价格,1
7800,维生素,1
7801,添加剂,1
7802,过快,1
7803,日向,1
7804,发扬,1
7805,初步统计,1
7806,中粮,1
7807,正大,1
7808,折合,1
7809,qq,1
7810,群上,1
7811,国家有关,1
7812,积极支持,1
7813,严控,1
7814,严密,1
7815,生猪,1
7816,畜牧业,1
7817,天津市委,1
7818,示范作用,1
7819,去除,1
7820,安全隐患,1
7821,拉运,1
7822,消杀剂,1
7823,5.7,1
7824,并且,1
7825,支部书记,1
7826,带队,1
7827,同业,1
7828,出入,1
7829,坐落,1
7830,息费,1
7831,滞纳金,1
7832,受困,1
7833,已为,1
7834,2585,1
7835,借款,1
7836,现已,1
7837,续当,1
7838,急于,1
7839,急躁情绪,1
7840,解释,1
7841,矛盾,1
7842,趋于平稳,1
7843,万例,1
7844,休戚与共,1
7845,刻不容缓,1
7846,英文版,1
7847,旅居海外,1
7848,亿万,1
7849,国际友人,1
7850,极速,1
7851,语音,1
7852,次数,1
7853,身处,1
7854,入微,1
7855,美利坚合众国,1
7856,大使馆,1
7857,领事,1
7858,下图,1
7859,一汽集团,1
7860,委向,1
7861,抚慰,1
7862,师数,1
7863,2162,1
7864,4069,1
7865,量表,1
7866,62592,1
7867,服务质量,1
7868,52051,1
7869,105024,1
7870,第一关,1
7871,村居,1
7872,监控点,1
7873,情况表,1
7874,表册,1
7875,信息管理,1
7876,住户,1
7877,宣传队,1
7878,张贴,1
7879,宣传画,1
7880,报等,1
7881,串门,1
7882,正确看待,1
7883,公里,1
7884,借力,1
7885,绿色通道,1
7886,个体经营者,1
7887,遣散,1
7888,茶馆,1
7889,市集,1
7890,赶场,1
7891,未能,1
7892,小孩,1
7893,当起,1
7894,上网,1
7895,辅导课,1
7896,双重,1
7897,个案,1
7898,导向,1
7899,一人,1
7900,一档,1
7901,292,1
7902,248,1
7903,套路,1
7904,非常规,1
7905,婚姻登记,1
7906,交叉感染,1
7907,一听,1
7908,二问,1
7909,穿破,1
7910,表层,1
7911,剖析,1
7912,原因,1
7913,定策,1
7914,巧妙,1
7915,冲动,1
7916,当事人,1
7917,放弃,1
7918,和谐社会,1
7919,万顺,1
7920,各村,1
7921,干道,1
7922,背街,1
7923,小巷,1
7924,院落,1
7925,杂物,1
7926,清运,1
7927,努力做到,1
7928,暴露,1
7929,较为,1
7930,切身利益,1
7931,现向,1
7932,如下,1
7933,潜力,1
7934,优秀人才,1
7935,实习,1
7936,众人拾柴火焰高,1
7937,各种渠道,1
7938,并视情,1
7939,下面,1
7940,二维码,1
7941,感谢您,1
7942,迅即,1
7943,待遇,1
7944,三三,1
7945,网数,1
7946,事务,1
7947,三事,1
7948,分流,1
7949,网格化,1
7950,龙海,1
7951,复制到,1
7952,扶助,1
7953,前移,1
7954,居民小区,1
7955,大门,1
7956,争创,1
7957,一个零,1
7958,诸多困难,1
7959,个性,1
7960,15000,1
7961,VCR10,1
7962,推文,1
7963,余期,1
7964,慢性病,1
7965,2890,1
7966,4700,1
7967,余户,1
7968,12100,1
7969,统计表,1
7970,2900,1
7971,解除,1
7972,报复,1
7973,工复产,1
7974,表格,1
7975,280,1
7976,助企,1
7977,三次,1
7978,中层干部,1
7979,排忧解难,1
7980,复产率,1
7981,30%,1
7982,1.4661,1
7983,1004989.98,1
7984,924500,1
7985,公开信,1
7986,光荣榜,1
7987,天街,1
7988,旗下,1
7989,服务队,1
7990,多功能厅,1
7991,清爽,1
7992,事小,1
7993,一点,1
7994,分店,1
7995,多数,1
7996,下行,1
7997,严峻形势,1
7998,家省,1
7999,服装,1
8000,来看,1
8001,90%,1
8002,流动资金,1
8003,断裂,1
8004,完全恢复,1
8005,2.7,1
8006,32.7,1
8007,45.8,1
8008,万户,1
8009,104.9,1
8010,12.5,1
8011,5.1,1
8012,转入,1
8013,用活,1
8014,深入分析,1
